action,enabled,rulename,sendEventsToFMC,logBegin,logEnd,sourceZones,destinationZones,sourceNetworksObject,destinationNetworksObject,destinationPort_number,destinationPort_protocol
ALLOW,TRUE,rule1,TRUE,TRUE,TRUE,inside,outside,Host-100,App-1,123,17
TRUST,TRUE,rule2,FALSE,FALSE,FALSE,inside,outside,Network-5,App-3,124,17
BLOCK,TRUE,rule3,FALSE,FALSE,FALSE,inside,outside,Network-6,App-4,125,17
MONITOR,FALSE,rule4,FALSE,FALSE,FALSE,inside,outside,Network-7,App-5,126,17
BLOCK_RESET,TRUE,rule5,FALSE,FALSE,FALSE,inside,outside,Host-104,Range-4,127,17
BLOCK_INTERACTIVE,TRUE,rule6,FALSE,FALSE,FALSE,inside,outside,Host-105,Range-5,128,17
BLOCK_RESET_INTERACTIVE,TRUE,rule7,FALSE,FALSE,FALSE,inside,outside,Host-106,App-8,129,17
ALLOW,TRUE,rule8,TRUE,TRUE,TRUE,inside,outside,Host-101,App-1,130,17
TRUST,TRUE,rule9,FALSE,FALSE,FALSE,inside,outside,Network-8,App-3,131,17
BLOCK,TRUE,rule10,FALSE,FALSE,FALSE,inside,outside,Network-9,App-4,132,17
MONITOR,FALSE,rule11,FALSE,FALSE,FALSE,inside,outside,Network-10,App-5,133,17
BLOCK_RESET,TRUE,rule12,FALSE,FALSE,FALSE,inside,outside,Host-107,Range-6,134,17
BLOCK_INTERACTIVE,FALSE,rule13,FALSE,FALSE,FALSE,inside,outside,Host-108,Range-7,135,17
BLOCK_RESET_INTERACTIVE,TRUE,rule14,FALSE,FALSE,FALSE,inside,outside,Host-109,App-9,136,17
ALLOW,TRUE,rule15,TRUE,TRUE,TRUE,inside,outside,Host-102,App-1,137,17
TRUST,FALSE,rule16,FALSE,FALSE,FALSE,inside,outside,Network-11,App-3,138,17
BLOCK,TRUE,rule17,FALSE,FALSE,FALSE,inside,outside,Network-12,App-4,139,17
MONITOR,FALSE,rule18,FALSE,FALSE,FALSE,inside,outside,Network-13,App-5,140,17
BLOCK_RESET,TRUE,rule19,FALSE,FALSE,FALSE,inside,outside,Host-110,Range-8,141,17
BLOCK_INTERACTIVE,FALSE,rule20,FALSE,FALSE,FALSE,inside,outside,Host-111,Range-9,142,17
BLOCK_RESET_INTERACTIVE,TRUE,rule21,FALSE,FALSE,FALSE,inside,outside,Host-112,App-10,143,17
ALLOW,TRUE,rule22,TRUE,TRUE,TRUE,inside,outside,Host-103,App-1,144,17
ALLOW,TRUE,rule23,TRUE,TRUE,TRUE,inside,outside,Host-101,App-1,145,17
TRUST,FALSE,rule24,FALSE,FALSE,FALSE,inside,outside,Network-8,App-3,146,17
BLOCK,TRUE,rule25,FALSE,FALSE,FALSE,inside,outside,Network-9,App-4,147,17
MONITOR,FALSE,rule26,FALSE,FALSE,FALSE,inside,outside,Network-10,App-5,148,17
BLOCK_RESET,TRUE,rule27,FALSE,FALSE,FALSE,inside,outside,Host-104,Range-6,149,17
BLOCK_INTERACTIVE,FALSE,rule28,FALSE,FALSE,FALSE,inside,outside,Host-105,Range-7,150,17
BLOCK_RESET_INTERACTIVE,TRUE,rule29,FALSE,FALSE,FALSE,inside,outside,Host-106,App-8,151,17
ALLOW,TRUE,rule30,TRUE,TRUE,TRUE,inside,outside,Host-101,App-1,152,17
TRUST,FALSE,rule31,FALSE,FALSE,FALSE,inside,outside,Network-11,App-3,153,17
BLOCK,TRUE,rule32,FALSE,FALSE,FALSE,inside,outside,Network-12,App-4,154,17
MONITOR,FALSE,rule33,FALSE,FALSE,FALSE,inside,outside,Network-13,App-5,155,17
BLOCK_RESET,TRUE,rule34,FALSE,FALSE,FALSE,inside,outside,Host-107,Range-8,156,17
BLOCK_INTERACTIVE,FALSE,rule35,FALSE,FALSE,FALSE,inside,outside,Host-108,Range-9,157,17
BLOCK_RESET_INTERACTIVE,TRUE,rule36,FALSE,FALSE,FALSE,inside,outside,Host-109,App-9,158,17
ALLOW,TRUE,rule37,TRUE,TRUE,TRUE,inside,outside,Host-102,App-1,159,17
TRUST,FALSE,rule38,FALSE,FALSE,FALSE,inside,outside,Network-14,App-3,160,17
BLOCK,TRUE,rule39,FALSE,FALSE,FALSE,inside,outside,Network-15,App-4,161,17
MONITOR,FALSE,rule40,FALSE,FALSE,FALSE,inside,outside,Network-16,App-5,162,17
BLOCK_RESET,TRUE,rule41,FALSE,FALSE,FALSE,inside,outside,Host-110,Range-10,163,17
BLOCK_INTERACTIVE,FALSE,rule42,FALSE,FALSE,FALSE,inside,outside,Host-111,Range-11,164,17
BLOCK_RESET_INTERACTIVE,TRUE,rule43,FALSE,FALSE,FALSE,inside,outside,Host-112,App-8,165,17
ALLOW,TRUE,rule44,TRUE,TRUE,TRUE,inside,outside,Host-103,App-17,166,17
ALLOW,TRUE,rule45,TRUE,TRUE,TRUE,inside,outside,Host-102,App-1,167,17
TRUST,FALSE,rule46,FALSE,FALSE,FALSE,inside,outside,Network-11,App-3,168,17
BLOCK,TRUE,rule47,FALSE,FALSE,FALSE,inside,outside,Network-12,App-4,169,17
MONITOR,FALSE,rule48,FALSE,FALSE,FALSE,inside,outside,Network-13,App-5,170,17
BLOCK_RESET,TRUE,rule49,FALSE,FALSE,FALSE,inside,outside,Host-104,Range-8,171,17
ALLOW,TRUE,rule50,TRUE,TRUE,TRUE,inside,outside,Host-101,App-1,172,17
TRUST,TRUE,rule51,FALSE,FALSE,FALSE,inside,outside,Network-8,App-3,173,17
BLOCK,TRUE,rule52,FALSE,FALSE,FALSE,inside,outside,Network-9,App-4,174,17
MONITOR,FALSE,rule53,FALSE,FALSE,FALSE,inside,outside,Network-10,App-5,175,17
BLOCK_RESET,TRUE,rule54,FALSE,FALSE,FALSE,inside,outside,Host-104,Range-6,176,17
BLOCK_INTERACTIVE,TRUE,rule55,FALSE,FALSE,FALSE,inside,outside,Host-105,Range-7,177,17
BLOCK_RESET_INTERACTIVE,TRUE,rule56,FALSE,FALSE,FALSE,inside,outside,Host-106,App-8,178,17
ALLOW,TRUE,rule57,TRUE,TRUE,TRUE,inside,outside,Host-101,App-1,179,17
TRUST,TRUE,rule58,FALSE,FALSE,FALSE,inside,outside,Network-11,App-3,180,17
BLOCK,TRUE,rule59,FALSE,FALSE,FALSE,inside,outside,Network-12,App-4,181,17
MONITOR,FALSE,rule60,FALSE,FALSE,FALSE,inside,outside,Network-13,App-5,182,17
BLOCK_RESET,TRUE,rule61,FALSE,FALSE,FALSE,inside,outside,Host-107,Range-8,183,17
BLOCK_INTERACTIVE,FALSE,rule62,FALSE,FALSE,FALSE,inside,outside,Host-108,Range-9,184,17
BLOCK_RESET_INTERACTIVE,TRUE,rule63,FALSE,FALSE,FALSE,inside,outside,Host-109,App-9,185,17
ALLOW,TRUE,rule64,TRUE,TRUE,TRUE,inside,outside,Host-102,App-1,186,17
TRUST,FALSE,rule65,FALSE,FALSE,FALSE,inside,outside,Network-14,App-3,187,17
BLOCK,TRUE,rule66,FALSE,FALSE,FALSE,inside,outside,Network-15,App-4,188,17
MONITOR,FALSE,rule67,FALSE,FALSE,FALSE,inside,outside,Network-16,App-5,189,17
BLOCK_RESET,TRUE,rule68,FALSE,FALSE,FALSE,inside,outside,Host-110,Range-10,190,17
BLOCK_INTERACTIVE,FALSE,rule69,FALSE,FALSE,FALSE,inside,outside,Host-111,Range-11,191,17
BLOCK_RESET_INTERACTIVE,TRUE,rule70,FALSE,FALSE,FALSE,inside,outside,Host-112,App-10,192,17
ALLOW,TRUE,rule71,TRUE,TRUE,TRUE,inside,outside,Host-103,App-1,193,17
ALLOW,TRUE,rule72,TRUE,TRUE,TRUE,inside,outside,Host-101,App-1,194,17
TRUST,FALSE,rule73,FALSE,FALSE,FALSE,inside,outside,Network-11,App-3,195,17
BLOCK,TRUE,rule74,FALSE,FALSE,FALSE,inside,outside,Network-12,App-4,196,17
MONITOR,FALSE,rule75,FALSE,FALSE,FALSE,inside,outside,Network-13,App-5,197,17
BLOCK_RESET,TRUE,rule76,FALSE,FALSE,FALSE,inside,outside,Host-104,Range-8,198,17
BLOCK_INTERACTIVE,FALSE,rule77,FALSE,FALSE,FALSE,inside,outside,Host-105,Range-9,199,17
BLOCK_RESET_INTERACTIVE,TRUE,rule78,FALSE,FALSE,FALSE,inside,outside,Host-106,App-8,200,17
ALLOW,TRUE,rule79,TRUE,TRUE,TRUE,inside,outside,Host-101,App-1,201,17
TRUST,FALSE,rule80,FALSE,FALSE,FALSE,inside,outside,Network-14,App-3,202,17
BLOCK,TRUE,rule81,FALSE,FALSE,FALSE,inside,outside,Network-15,App-4,203,17
MONITOR,FALSE,rule82,FALSE,FALSE,FALSE,inside,outside,Network-16,App-5,204,17
BLOCK_RESET,TRUE,rule83,FALSE,FALSE,FALSE,inside,outside,Host-107,Range-10,205,17
BLOCK_INTERACTIVE,FALSE,rule84,FALSE,FALSE,FALSE,inside,outside,Host-108,Range-11,206,17
BLOCK_RESET_INTERACTIVE,TRUE,rule85,FALSE,FALSE,FALSE,inside,outside,Host-109,App-9,207,17
ALLOW,TRUE,rule86,TRUE,TRUE,TRUE,inside,outside,Host-102,App-1,208,17
TRUST,FALSE,rule87,FALSE,FALSE,FALSE,inside,outside,Network-17,App-3,209,17
BLOCK,TRUE,rule88,FALSE,FALSE,FALSE,inside,outside,Network-18,App-4,210,17
MONITOR,FALSE,rule89,FALSE,FALSE,FALSE,inside,outside,Network-19,App-5,211,17
BLOCK_RESET,TRUE,rule90,FALSE,FALSE,FALSE,inside,outside,Host-110,Range-12,212,17
BLOCK_INTERACTIVE,FALSE,rule91,FALSE,FALSE,FALSE,inside,outside,Host-111,Range-13,213,17
BLOCK_RESET_INTERACTIVE,TRUE,rule92,FALSE,FALSE,FALSE,inside,outside,Host-112,App-8,214,17
ALLOW,TRUE,rule93,TRUE,TRUE,TRUE,inside,outside,Host-103,App-17,215,17
ALLOW,TRUE,rule94,TRUE,TRUE,TRUE,inside,outside,Host-102,App-1,216,17
TRUST,FALSE,rule95,FALSE,FALSE,FALSE,inside,outside,Network-14,App-3,217,17
BLOCK,TRUE,rule96,FALSE,FALSE,FALSE,inside,outside,Network-15,App-4,218,17
MONITOR,FALSE,rule97,FALSE,FALSE,FALSE,inside,outside,Network-16,App-5,219,17
BLOCK_RESET,TRUE,rule98,FALSE,FALSE,FALSE,inside,outside,Host-105,Range-9,220,17
ALLOW,TRUE,rule99,TRUE,TRUE,TRUE,inside,outside,Host-102,App-1,221,17
TRUST,TRUE,rule100,FALSE,FALSE,FALSE,inside,outside,Network-11,App-3,222,17
BLOCK,TRUE,rule101,FALSE,FALSE,FALSE,inside,outside,Network-12,App-4,223,17
MONITOR,FALSE,rule102,FALSE,FALSE,FALSE,inside,outside,Network-13,App-5,224,17
BLOCK_RESET,TRUE,rule103,FALSE,FALSE,FALSE,inside,outside,Host-104,Range-8,225,17
BLOCK_INTERACTIVE,TRUE,rule104,FALSE,FALSE,FALSE,inside,outside,Host-105,Range-9,226,17
BLOCK_RESET_INTERACTIVE,TRUE,rule105,FALSE,FALSE,FALSE,inside,outside,Host-106,App-8,227,17
ALLOW,TRUE,rule106,TRUE,TRUE,TRUE,inside,outside,Host-101,App-1,228,17
TRUST,TRUE,rule107,FALSE,FALSE,FALSE,inside,outside,Network-14,App-3,229,17
BLOCK,TRUE,rule108,FALSE,FALSE,FALSE,inside,outside,Network-15,App-4,230,17
MONITOR,FALSE,rule109,FALSE,FALSE,FALSE,inside,outside,Network-16,App-5,231,17
BLOCK_RESET,TRUE,rule110,FALSE,FALSE,FALSE,inside,outside,Host-107,Range-10,232,17
BLOCK_INTERACTIVE,FALSE,rule111,FALSE,FALSE,FALSE,inside,outside,Host-108,Range-11,233,17
BLOCK_RESET_INTERACTIVE,TRUE,rule112,FALSE,FALSE,FALSE,inside,outside,Host-109,App-9,234,17
ALLOW,TRUE,rule113,TRUE,TRUE,TRUE,inside,outside,Host-102,App-1,235,17
TRUST,FALSE,rule114,FALSE,FALSE,FALSE,inside,outside,Network-17,App-3,236,17
BLOCK,TRUE,rule115,FALSE,FALSE,FALSE,inside,outside,Network-18,App-4,237,17
MONITOR,FALSE,rule116,FALSE,FALSE,FALSE,inside,outside,Network-19,App-5,238,17
BLOCK_RESET,TRUE,rule117,FALSE,FALSE,FALSE,inside,outside,Host-110,Range-12,239,17
BLOCK_INTERACTIVE,FALSE,rule118,FALSE,FALSE,FALSE,inside,outside,Host-111,Range-13,240,17
BLOCK_RESET_INTERACTIVE,TRUE,rule119,FALSE,FALSE,FALSE,inside,outside,Host-112,App-10,241,17
ALLOW,TRUE,rule120,TRUE,TRUE,TRUE,inside,outside,Host-103,App-1,242,17
ALLOW,TRUE,rule121,TRUE,TRUE,TRUE,inside,outside,Host-101,App-1,243,17
TRUST,FALSE,rule122,FALSE,FALSE,FALSE,inside,outside,Network-14,App-3,244,17
BLOCK,TRUE,rule123,FALSE,FALSE,FALSE,inside,outside,Network-15,App-4,245,17
MONITOR,FALSE,rule124,FALSE,FALSE,FALSE,inside,outside,Network-16,App-5,246,17
BLOCK_RESET,TRUE,rule125,FALSE,FALSE,FALSE,inside,outside,Host-104,Range-10,247,17
BLOCK_INTERACTIVE,FALSE,rule126,FALSE,FALSE,FALSE,inside,outside,Host-105,Range-11,248,17
BLOCK_RESET_INTERACTIVE,TRUE,rule127,FALSE,FALSE,FALSE,inside,outside,Host-106,App-8,249,17
ALLOW,TRUE,rule128,TRUE,TRUE,TRUE,inside,outside,Host-101,App-1,250,17
TRUST,FALSE,rule129,FALSE,FALSE,FALSE,inside,outside,Network-17,App-3,251,17
BLOCK,TRUE,rule130,FALSE,FALSE,FALSE,inside,outside,Network-18,App-4,252,17
MONITOR,FALSE,rule131,FALSE,FALSE,FALSE,inside,outside,Network-19,App-5,253,17
BLOCK_RESET,TRUE,rule132,FALSE,FALSE,FALSE,inside,outside,Host-107,Range-12,254,17
BLOCK_INTERACTIVE,FALSE,rule133,FALSE,FALSE,FALSE,inside,outside,Host-108,Range-13,255,17
BLOCK_RESET_INTERACTIVE,TRUE,rule134,FALSE,FALSE,FALSE,inside,outside,Host-109,App-9,256,17
ALLOW,TRUE,rule135,TRUE,TRUE,TRUE,inside,outside,Host-102,App-1,257,17
TRUST,FALSE,rule136,FALSE,FALSE,FALSE,inside,outside,Network-20,App-3,258,17
BLOCK,TRUE,rule137,FALSE,FALSE,FALSE,inside,outside,Network-21,App-4,259,17
MONITOR,FALSE,rule138,FALSE,FALSE,FALSE,inside,outside,Network-22,App-5,260,17
BLOCK_RESET,TRUE,rule139,FALSE,FALSE,FALSE,inside,outside,Host-110,Range-14,261,17
BLOCK_INTERACTIVE,FALSE,rule140,FALSE,FALSE,FALSE,inside,outside,Host-111,Range-15,262,17
BLOCK_RESET_INTERACTIVE,TRUE,rule141,FALSE,FALSE,FALSE,inside,outside,Host-112,App-8,263,17
ALLOW,TRUE,rule142,TRUE,TRUE,TRUE,inside,outside,Host-103,App-17,264,17
ALLOW,TRUE,rule143,TRUE,TRUE,TRUE,inside,outside,Host-102,App-1,265,17
TRUST,FALSE,rule144,FALSE,FALSE,FALSE,inside,outside,Network-17,App-3,266,17
BLOCK,TRUE,rule145,FALSE,FALSE,FALSE,inside,outside,Network-18,App-4,267,17
MONITOR,FALSE,rule146,FALSE,FALSE,FALSE,inside,outside,Network-19,App-5,268,17
BLOCK_RESET,TRUE,rule147,FALSE,FALSE,FALSE,inside,outside,Host-106,Range-10,269,17
ALLOW,TRUE,rule148,TRUE,TRUE,TRUE,inside,outside,Host-103,App-1,270,17
TRUST,TRUE,rule149,FALSE,FALSE,FALSE,inside,outside,Network-14,App-3,271,17
BLOCK,TRUE,rule150,FALSE,FALSE,FALSE,inside,outside,Network-15,App-4,272,17
MONITOR,FALSE,rule151,FALSE,FALSE,FALSE,inside,outside,Network-16,App-5,273,17
BLOCK_RESET,TRUE,rule152,FALSE,FALSE,FALSE,inside,outside,Host-104,Range-10,274,17
BLOCK_INTERACTIVE,TRUE,rule153,FALSE,FALSE,FALSE,inside,outside,Host-105,Range-11,275,17
BLOCK_RESET_INTERACTIVE,TRUE,rule154,FALSE,FALSE,FALSE,inside,outside,Host-106,App-8,276,17
ALLOW,TRUE,rule155,TRUE,TRUE,TRUE,inside,outside,Host-101,App-1,277,17
TRUST,TRUE,rule156,FALSE,FALSE,FALSE,inside,outside,Network-17,App-3,278,17
BLOCK,TRUE,rule157,FALSE,FALSE,FALSE,inside,outside,Network-18,App-4,279,17
MONITOR,FALSE,rule158,FALSE,FALSE,FALSE,inside,outside,Network-19,App-5,280,17
BLOCK_RESET,TRUE,rule159,FALSE,FALSE,FALSE,inside,outside,Host-107,Range-12,281,17
BLOCK_INTERACTIVE,FALSE,rule160,FALSE,FALSE,FALSE,inside,outside,Host-108,Range-13,282,17
BLOCK_RESET_INTERACTIVE,TRUE,rule161,FALSE,FALSE,FALSE,inside,outside,Host-109,App-9,283,17
ALLOW,TRUE,rule162,TRUE,TRUE,TRUE,inside,outside,Host-102,App-1,284,17
TRUST,FALSE,rule163,FALSE,FALSE,FALSE,inside,outside,Host-300,App-3,285,17
BLOCK,TRUE,rule164,FALSE,FALSE,FALSE,inside,outside,Host-301,App-4,286,17
MONITOR,FALSE,rule165,FALSE,FALSE,FALSE,inside,outside,Range-300,App-5,287,17
BLOCK_RESET,TRUE,rule166,FALSE,FALSE,FALSE,inside,outside,Range-301,Range-14,288,17
BLOCK_INTERACTIVE,FALSE,rule167,FALSE,FALSE,FALSE,inside,outside,Host-302,Range-15,289,17
BLOCK_RESET_INTERACTIVE,TRUE,rule168,FALSE,FALSE,FALSE,inside,outside,Host-303,App-10,290,17
ALLOW,TRUE,rule169,TRUE,TRUE,TRUE,inside,outside,Range-302,App-1,291,17
ALLOW,TRUE,rule170,TRUE,TRUE,TRUE,inside,outside,Range-303,App-1,292,17
TRUST,FALSE,rule171,FALSE,FALSE,FALSE,inside,outside,Host-304,App-3,293,17
BLOCK,TRUE,rule172,FALSE,FALSE,FALSE,inside,outside,Host-305,App-4,294,17
MONITOR,FALSE,rule173,FALSE,FALSE,FALSE,inside,outside,Range-304,App-5,295,17
BLOCK_RESET,TRUE,rule174,FALSE,FALSE,FALSE,inside,outside,Range-305,Range-12,296,17
BLOCK_INTERACTIVE,FALSE,rule175,FALSE,FALSE,FALSE,inside,outside,Host-306,Range-13,297,17
BLOCK_RESET_INTERACTIVE,TRUE,rule176,FALSE,FALSE,FALSE,inside,outside,Host-307,App-8,298,17
ALLOW,TRUE,rule177,TRUE,TRUE,TRUE,inside,outside,Range-306,App-1,299,17
TRUST,FALSE,rule178,FALSE,FALSE,FALSE,inside,outside,Range-307,App-3,300,17
BLOCK,TRUE,rule179,FALSE,FALSE,FALSE,inside,outside,Host-308,App-4,301,17
MONITOR,FALSE,rule180,FALSE,FALSE,FALSE,inside,outside,Host-309,App-5,302,17
BLOCK_RESET,TRUE,rule181,FALSE,FALSE,FALSE,inside,outside,Range-308,Range-14,303,17
BLOCK_INTERACTIVE,FALSE,rule182,FALSE,FALSE,FALSE,inside,outside,Range-309,Range-15,304,17
BLOCK_RESET_INTERACTIVE,TRUE,rule183,FALSE,FALSE,FALSE,inside,outside,Host-310,App-9,305,17
ALLOW,TRUE,rule184,TRUE,TRUE,TRUE,inside,outside,Host-311,App-1,306,17
TRUST,FALSE,rule185,FALSE,FALSE,FALSE,inside,outside,Range-310,App-3,307,17
BLOCK,TRUE,rule186,FALSE,FALSE,FALSE,inside,outside,Range-311,App-4,308,17
MONITOR,FALSE,rule187,FALSE,FALSE,FALSE,inside,outside,Host-312,App-5,309,17
BLOCK_RESET,TRUE,rule188,FALSE,FALSE,FALSE,inside,outside,Host-313,Range-16,310,17
BLOCK_INTERACTIVE,FALSE,rule189,FALSE,FALSE,FALSE,inside,outside,Range-312,Range-17,311,17
BLOCK_RESET_INTERACTIVE,TRUE,rule190,FALSE,FALSE,FALSE,inside,outside,Range-313,App-8,312,17
ALLOW,TRUE,rule191,TRUE,TRUE,TRUE,inside,outside,Host-314,App-17,313,17
ALLOW,TRUE,rule192,TRUE,TRUE,TRUE,inside,outside,Host-315,App-1,314,17
TRUST,FALSE,rule193,FALSE,FALSE,FALSE,inside,outside,Range-314,App-3,315,17
BLOCK,TRUE,rule194,FALSE,FALSE,FALSE,inside,outside,Range-315,App-4,316,17
MONITOR,FALSE,rule195,FALSE,FALSE,FALSE,inside,outside,Host-316,App-5,317,17
BLOCK_RESET,TRUE,rule196,FALSE,FALSE,FALSE,inside,outside,Host-317,Range-11,318,17
ALLOW,TRUE,rule197,TRUE,TRUE,TRUE,inside,outside,Range-316,App-1,319,17
TRUST,TRUE,rule198,FALSE,FALSE,FALSE,inside,outside,Range-317,App-3,320,17
BLOCK,TRUE,rule199,FALSE,FALSE,FALSE,inside,outside,Host-318,App-4,321,17
MONITOR,FALSE,rule200,FALSE,FALSE,FALSE,inside,outside,Host-319,App-5,322,17
BLOCK_RESET,TRUE,rule201,FALSE,FALSE,FALSE,inside,outside,Range-318,Range-12,323,17
BLOCK_INTERACTIVE,TRUE,rule202,FALSE,FALSE,FALSE,inside,outside,Range-319,Range-13,324,17
BLOCK_RESET_INTERACTIVE,TRUE,rule203,FALSE,FALSE,FALSE,inside,outside,Host-320,App-8,325,17
ALLOW,TRUE,rule204,TRUE,TRUE,TRUE,inside,outside,Host-321,App-1,326,17
TRUST,TRUE,rule205,FALSE,FALSE,FALSE,inside,outside,Range-320,App-3,327,17
BLOCK,TRUE,rule206,FALSE,FALSE,FALSE,inside,outside,Range-321,App-4,328,17
MONITOR,FALSE,rule207,FALSE,FALSE,FALSE,inside,outside,Host-322,App-5,329,17
BLOCK_RESET,TRUE,rule208,FALSE,FALSE,FALSE,inside,outside,Host-323,Range-14,330,17
BLOCK_INTERACTIVE,FALSE,rule209,FALSE,FALSE,FALSE,inside,outside,Range-322,Range-15,331,17
BLOCK_RESET_INTERACTIVE,TRUE,rule210,FALSE,FALSE,FALSE,inside,outside,Range-323,App-9,332,17
ALLOW,TRUE,rule211,TRUE,TRUE,TRUE,inside,outside,Host-324,App-1,333,17
TRUST,FALSE,rule212,FALSE,FALSE,FALSE,inside,outside,Host-325,App-3,334,17
BLOCK,TRUE,rule213,FALSE,FALSE,FALSE,inside,outside,Range-324,App-4,335,17
MONITOR,FALSE,rule214,FALSE,FALSE,FALSE,inside,outside,Range-325,App-5,336,17
BLOCK_RESET,TRUE,rule215,FALSE,FALSE,FALSE,inside,outside,Host-326,Range-16,337,17
BLOCK_INTERACTIVE,FALSE,rule216,FALSE,FALSE,FALSE,inside,outside,Host-327,Range-17,338,17
BLOCK_RESET_INTERACTIVE,TRUE,rule217,FALSE,FALSE,FALSE,inside,outside,Range-326,App-10,339,17
ALLOW,TRUE,rule218,TRUE,TRUE,TRUE,inside,outside,Range-327,App-1,340,17
ALLOW,TRUE,rule219,TRUE,TRUE,TRUE,inside,outside,Host-328,App-1,341,17
TRUST,FALSE,rule220,FALSE,FALSE,FALSE,inside,outside,Host-329,App-3,342,17
BLOCK,TRUE,rule221,FALSE,FALSE,FALSE,inside,outside,Range-328,App-4,343,17
MONITOR,FALSE,rule222,FALSE,FALSE,FALSE,inside,outside,Range-329,App-5,344,17
BLOCK_RESET,TRUE,rule223,FALSE,FALSE,FALSE,inside,outside,Host-330,Range-14,345,17
BLOCK_INTERACTIVE,FALSE,rule224,FALSE,FALSE,FALSE,inside,outside,Host-331,Range-15,346,17
BLOCK_RESET_INTERACTIVE,TRUE,rule225,FALSE,FALSE,FALSE,inside,outside,Range-330,App-8,347,17
ALLOW,TRUE,rule226,TRUE,TRUE,TRUE,inside,outside,Range-331,App-1,348,17
TRUST,FALSE,rule227,FALSE,FALSE,FALSE,inside,outside,Host-332,App-3,349,17
BLOCK,TRUE,rule228,FALSE,FALSE,FALSE,inside,outside,Host-333,App-4,350,17
MONITOR,FALSE,rule229,FALSE,FALSE,FALSE,inside,outside,Range-332,App-5,351,17
BLOCK_RESET,TRUE,rule230,FALSE,FALSE,FALSE,inside,outside,Range-333,Range-16,352,17
BLOCK_INTERACTIVE,FALSE,rule231,FALSE,FALSE,FALSE,inside,outside,Host-334,Range-17,353,17
BLOCK_RESET_INTERACTIVE,TRUE,rule232,FALSE,FALSE,FALSE,inside,outside,Host-335,App-9,354,17
ALLOW,TRUE,rule233,TRUE,TRUE,TRUE,inside,outside,Range-334,App-1,355,17
TRUST,FALSE,rule234,FALSE,FALSE,FALSE,inside,outside,Range-335,App-3,356,17
BLOCK,TRUE,rule235,FALSE,FALSE,FALSE,inside,outside,Host-336,App-4,357,17
MONITOR,FALSE,rule236,FALSE,FALSE,FALSE,inside,outside,Host-337,App-5,358,17
BLOCK_RESET,TRUE,rule237,FALSE,FALSE,FALSE,inside,outside,Range-336,Range-18,359,17
BLOCK_INTERACTIVE,FALSE,rule238,FALSE,FALSE,FALSE,inside,outside,Range-337,Range-19,360,17
BLOCK_RESET_INTERACTIVE,TRUE,rule239,FALSE,FALSE,FALSE,inside,outside,Host-338,App-8,361,17
ALLOW,TRUE,rule240,TRUE,TRUE,TRUE,inside,outside,Host-339,App-17,362,17
ALLOW,TRUE,rule241,TRUE,TRUE,TRUE,inside,outside,Range-338,App-1,363,17
TRUST,FALSE,rule242,FALSE,FALSE,FALSE,inside,outside,Range-339,App-3,364,17
BLOCK,TRUE,rule243,FALSE,FALSE,FALSE,inside,outside,Host-340,App-4,365,17
MONITOR,FALSE,rule244,FALSE,FALSE,FALSE,inside,outside,Host-341,App-5,366,17
BLOCK_RESET,TRUE,rule245,FALSE,FALSE,FALSE,inside,outside,Range-340,Range-12,367,17
ALLOW,TRUE,rule246,TRUE,TRUE,TRUE,inside,outside,Range-341,App-1,368,17
TRUST,TRUE,rule247,FALSE,FALSE,FALSE,inside,outside,Host-342,App-3,369,17
BLOCK,TRUE,rule248,FALSE,FALSE,FALSE,inside,outside,Host-343,App-4,370,17
MONITOR,FALSE,rule249,FALSE,FALSE,FALSE,inside,outside,Range-342,App-5,371,17
BLOCK_RESET,TRUE,rule250,FALSE,FALSE,FALSE,inside,outside,Range-343,Range-14,372,17
BLOCK_INTERACTIVE,TRUE,rule251,FALSE,FALSE,FALSE,inside,outside,Host-344,Range-15,373,17
BLOCK_RESET_INTERACTIVE,TRUE,rule252,FALSE,FALSE,FALSE,inside,outside,Host-345,App-8,374,17
ALLOW,TRUE,rule253,TRUE,TRUE,TRUE,inside,outside,Range-344,App-1,375,17
TRUST,TRUE,rule254,FALSE,FALSE,FALSE,inside,outside,Range-345,App-3,376,17
BLOCK,TRUE,rule255,FALSE,FALSE,FALSE,inside,outside,Host-346,App-4,377,17
MONITOR,FALSE,rule256,FALSE,FALSE,FALSE,inside,outside,Host-347,App-5,378,17
BLOCK_RESET,TRUE,rule257,FALSE,FALSE,FALSE,inside,outside,Range-346,Range-16,379,17
BLOCK_INTERACTIVE,FALSE,rule258,FALSE,FALSE,FALSE,inside,outside,Range-347,Range-17,380,17
BLOCK_RESET_INTERACTIVE,TRUE,rule259,FALSE,FALSE,FALSE,inside,outside,Host-348,App-9,381,17
ALLOW,TRUE,rule260,TRUE,TRUE,TRUE,inside,outside,Host-349,App-1,382,17
TRUST,FALSE,rule261,FALSE,FALSE,FALSE,inside,outside,Range-348,App-3,383,17
BLOCK,TRUE,rule262,FALSE,FALSE,FALSE,inside,outside,Range-349,App-4,384,17
MONITOR,FALSE,rule263,FALSE,FALSE,FALSE,inside,outside,Host-350,App-5,385,17
BLOCK_RESET,TRUE,rule264,FALSE,FALSE,FALSE,inside,outside,Host-351,Range-18,386,17
BLOCK_INTERACTIVE,FALSE,rule265,FALSE,FALSE,FALSE,inside,outside,Range-350,Range-19,387,17
BLOCK_RESET_INTERACTIVE,TRUE,rule266,FALSE,FALSE,FALSE,inside,outside,Range-351,App-10,388,17
ALLOW,TRUE,rule267,TRUE,TRUE,TRUE,inside,outside,Host-352,App-1,389,17
ALLOW,TRUE,rule268,TRUE,TRUE,TRUE,inside,outside,Host-353,App-1,390,17
TRUST,FALSE,rule269,FALSE,FALSE,FALSE,inside,outside,Range-352,App-3,391,17
BLOCK,TRUE,rule270,FALSE,FALSE,FALSE,inside,outside,Range-353,App-4,392,17
MONITOR,FALSE,rule271,FALSE,FALSE,FALSE,inside,outside,Host-354,App-5,393,17
BLOCK_RESET,TRUE,rule272,FALSE,FALSE,FALSE,inside,outside,Host-355,Range-16,394,17
BLOCK_INTERACTIVE,FALSE,rule273,FALSE,FALSE,FALSE,inside,outside,Range-354,Range-17,395,17
BLOCK_RESET_INTERACTIVE,TRUE,rule274,FALSE,FALSE,FALSE,inside,outside,Range-355,App-8,396,17
ALLOW,TRUE,rule275,TRUE,TRUE,TRUE,inside,outside,Host-356,App-1,397,17
TRUST,FALSE,rule276,FALSE,FALSE,FALSE,inside,outside,Host-357,App-3,398,17
BLOCK,TRUE,rule277,FALSE,FALSE,FALSE,inside,outside,Range-356,App-4,399,17
MONITOR,FALSE,rule278,FALSE,FALSE,FALSE,inside,outside,Range-357,App-5,400,17
BLOCK_RESET,TRUE,rule279,FALSE,FALSE,FALSE,inside,outside,Host-358,Range-18,401,17
BLOCK_INTERACTIVE,FALSE,rule280,FALSE,FALSE,FALSE,inside,outside,Host-359,Range-19,402,17
BLOCK_RESET_INTERACTIVE,TRUE,rule281,FALSE,FALSE,FALSE,inside,outside,Range-358,App-9,403,17
ALLOW,TRUE,rule282,TRUE,TRUE,TRUE,inside,outside,Range-359,App-1,404,17
TRUST,FALSE,rule283,FALSE,FALSE,FALSE,inside,outside,Host-360,App-3,405,17
BLOCK,TRUE,rule284,FALSE,FALSE,FALSE,inside,outside,Host-361,App-4,406,17
MONITOR,FALSE,rule285,FALSE,FALSE,FALSE,inside,outside,Range-360,App-5,407,17
BLOCK_RESET,TRUE,rule286,FALSE,FALSE,FALSE,inside,outside,Range-361,Range-20,408,17
BLOCK_INTERACTIVE,FALSE,rule287,FALSE,FALSE,FALSE,inside,outside,Host-362,Range-21,409,17
BLOCK_RESET_INTERACTIVE,TRUE,rule288,FALSE,FALSE,FALSE,inside,outside,Host-363,App-8,410,17
ALLOW,TRUE,rule289,TRUE,TRUE,TRUE,inside,outside,Range-362,App-17,411,17
ALLOW,TRUE,rule290,TRUE,TRUE,TRUE,inside,outside,Range-363,App-1,412,17
TRUST,FALSE,rule291,FALSE,FALSE,FALSE,inside,outside,Host-364,App-3,413,17
BLOCK,TRUE,rule292,FALSE,FALSE,FALSE,inside,outside,Host-365,App-4,414,17
MONITOR,FALSE,rule293,FALSE,FALSE,FALSE,inside,outside,Range-364,App-5,415,17
BLOCK_RESET,TRUE,rule294,FALSE,FALSE,FALSE,inside,outside,Range-365,Range-13,416,17
ALLOW,TRUE,rule295,TRUE,TRUE,TRUE,inside,outside,Host-366,App-1,417,17
TRUST,TRUE,rule296,FALSE,FALSE,FALSE,inside,outside,Host-367,App-3,418,17
BLOCK,TRUE,rule297,FALSE,FALSE,FALSE,inside,outside,Range-366,App-4,419,17
MONITOR,FALSE,rule298,FALSE,FALSE,FALSE,inside,outside,Range-367,App-5,420,17
BLOCK_RESET,TRUE,rule299,FALSE,FALSE,FALSE,inside,outside,Host-368,Range-16,421,17
BLOCK_INTERACTIVE,TRUE,rule300,FALSE,FALSE,FALSE,inside,outside,Host-369,Range-17,422,17
BLOCK_RESET_INTERACTIVE,TRUE,rule301,FALSE,FALSE,FALSE,inside,outside,Range-368,App-8,423,17
ALLOW,TRUE,rule302,TRUE,TRUE,TRUE,inside,outside,Range-369,App-1,424,17
TRUST,TRUE,rule303,FALSE,FALSE,FALSE,inside,outside,Host-370,App-3,425,17
BLOCK,TRUE,rule304,FALSE,FALSE,FALSE,inside,outside,Host-371,App-4,426,17
MONITOR,FALSE,rule305,FALSE,FALSE,FALSE,inside,outside,Range-370,App-5,427,17
BLOCK_RESET,TRUE,rule306,FALSE,FALSE,FALSE,inside,outside,Range-371,Range-18,428,17
BLOCK_INTERACTIVE,FALSE,rule307,FALSE,FALSE,FALSE,inside,outside,Host-372,Range-19,429,17
BLOCK_RESET_INTERACTIVE,TRUE,rule308,FALSE,FALSE,FALSE,inside,outside,Host-373,App-9,430,17
ALLOW,TRUE,rule309,TRUE,TRUE,TRUE,inside,outside,Range-372,App-1,431,17
TRUST,FALSE,rule310,FALSE,FALSE,FALSE,inside,outside,Range-373,App-3,432,17
BLOCK,TRUE,rule311,FALSE,FALSE,FALSE,inside,outside,Host-374,App-4,433,17
MONITOR,FALSE,rule312,FALSE,FALSE,FALSE,inside,outside,Host-375,App-5,434,17
BLOCK_RESET,TRUE,rule313,FALSE,FALSE,FALSE,inside,outside,Range-374,Range-20,435,17
BLOCK_INTERACTIVE,FALSE,rule314,FALSE,FALSE,FALSE,inside,outside,Range-375,Range-21,436,17
BLOCK_RESET_INTERACTIVE,TRUE,rule315,FALSE,FALSE,FALSE,inside,outside,Host-376,App-10,437,17
ALLOW,TRUE,rule316,TRUE,TRUE,TRUE,inside,outside,Host-377,App-1,438,17
ALLOW,TRUE,rule317,TRUE,TRUE,TRUE,inside,outside,Range-376,App-1,439,17
TRUST,FALSE,rule318,FALSE,FALSE,FALSE,inside,outside,Range-377,App-3,440,17
BLOCK,TRUE,rule319,FALSE,FALSE,FALSE,inside,outside,Host-378,App-4,441,17
MONITOR,FALSE,rule320,FALSE,FALSE,FALSE,inside,outside,Host-379,App-5,442,17
BLOCK_RESET,TRUE,rule321,FALSE,FALSE,FALSE,inside,outside,Range-378,Range-18,443,17
BLOCK_INTERACTIVE,FALSE,rule322,FALSE,FALSE,FALSE,inside,outside,Range-379,Range-19,444,17
BLOCK_RESET_INTERACTIVE,TRUE,rule323,FALSE,FALSE,FALSE,inside,outside,Host-380,App-8,445,17
ALLOW,TRUE,rule324,TRUE,TRUE,TRUE,inside,outside,Host-381,App-1,446,17
TRUST,FALSE,rule325,FALSE,FALSE,FALSE,inside,outside,Range-380,App-3,447,17
BLOCK,TRUE,rule326,FALSE,FALSE,FALSE,inside,outside,Range-381,App-4,448,17
MONITOR,FALSE,rule327,FALSE,FALSE,FALSE,inside,outside,Host-382,App-5,449,17
BLOCK_RESET,TRUE,rule328,FALSE,FALSE,FALSE,inside,outside,Host-383,Range-20,450,17
BLOCK_INTERACTIVE,FALSE,rule329,FALSE,FALSE,FALSE,inside,outside,Range-382,Range-21,451,17
BLOCK_RESET_INTERACTIVE,TRUE,rule330,FALSE,FALSE,FALSE,inside,outside,Range-383,App-9,452,17
ALLOW,TRUE,rule331,TRUE,TRUE,TRUE,inside,outside,Host-384,App-1,453,17
TRUST,FALSE,rule332,FALSE,FALSE,FALSE,inside,outside,Host-385,App-3,454,17
BLOCK,TRUE,rule333,FALSE,FALSE,FALSE,inside,outside,Range-384,App-4,455,17
MONITOR,FALSE,rule334,FALSE,FALSE,FALSE,inside,outside,Range-385,App-5,456,17
BLOCK_RESET,TRUE,rule335,FALSE,FALSE,FALSE,inside,outside,Host-386,Range-22,457,17
BLOCK_INTERACTIVE,FALSE,rule336,FALSE,FALSE,FALSE,inside,outside,Host-387,Range-23,458,17
BLOCK_RESET_INTERACTIVE,TRUE,rule337,FALSE,FALSE,FALSE,inside,outside,Range-386,App-8,459,17
ALLOW,TRUE,rule338,TRUE,TRUE,TRUE,inside,outside,Range-387,App-17,460,17
ALLOW,TRUE,rule339,TRUE,TRUE,TRUE,inside,outside,Host-388,App-1,461,17
TRUST,FALSE,rule340,FALSE,FALSE,FALSE,inside,outside,Host-389,App-3,462,17
BLOCK,TRUE,rule341,FALSE,FALSE,FALSE,inside,outside,Range-388,App-4,463,17
MONITOR,FALSE,rule342,FALSE,FALSE,FALSE,inside,outside,Range-389,App-5,464,17
BLOCK_RESET,TRUE,rule343,FALSE,FALSE,FALSE,inside,outside,Host-390,Range-14,465,17
ALLOW,TRUE,rule344,TRUE,TRUE,TRUE,inside,outside,Host-391,App-1,466,17
TRUST,TRUE,rule345,FALSE,FALSE,FALSE,inside,outside,Range-390,App-3,467,17
BLOCK,TRUE,rule346,FALSE,FALSE,FALSE,inside,outside,Range-391,App-4,468,17
MONITOR,FALSE,rule347,FALSE,FALSE,FALSE,inside,outside,Host-392,App-5,469,17
BLOCK_RESET,TRUE,rule348,FALSE,FALSE,FALSE,inside,outside,Host-393,Range-18,470,17
BLOCK_INTERACTIVE,TRUE,rule349,FALSE,FALSE,FALSE,inside,outside,Range-392,Range-19,471,17
BLOCK_RESET_INTERACTIVE,TRUE,rule350,FALSE,FALSE,FALSE,inside,outside,Range-393,App-8,472,17
ALLOW,TRUE,rule351,TRUE,TRUE,TRUE,inside,outside,Host-394,App-1,473,17
TRUST,TRUE,rule352,FALSE,FALSE,FALSE,inside,outside,Host-395,App-3,474,17
BLOCK,TRUE,rule353,FALSE,FALSE,FALSE,inside,outside,Range-394,App-4,475,17
MONITOR,FALSE,rule354,FALSE,FALSE,FALSE,inside,outside,Range-395,App-5,476,17
BLOCK_RESET,TRUE,rule355,FALSE,FALSE,FALSE,inside,outside,Host-396,Range-20,477,17
BLOCK_INTERACTIVE,FALSE,rule356,FALSE,FALSE,FALSE,inside,outside,Host-397,Range-21,478,17
BLOCK_RESET_INTERACTIVE,TRUE,rule357,FALSE,FALSE,FALSE,inside,outside,Range-396,App-9,479,17
ALLOW,TRUE,rule358,TRUE,TRUE,TRUE,inside,outside,Range-397,App-1,480,17
TRUST,FALSE,rule359,FALSE,FALSE,FALSE,inside,outside,Host-398,App-3,481,17
BLOCK,TRUE,rule360,FALSE,FALSE,FALSE,inside,outside,Host-399,App-4,482,17
MONITOR,FALSE,rule361,FALSE,FALSE,FALSE,inside,outside,Range-398,App-5,483,17
BLOCK_RESET,TRUE,rule362,FALSE,FALSE,FALSE,inside,outside,Range-399,Range-22,484,17
BLOCK_INTERACTIVE,FALSE,rule363,FALSE,FALSE,FALSE,inside,outside,Host-400,Range-23,485,17
BLOCK_RESET_INTERACTIVE,TRUE,rule364,FALSE,FALSE,FALSE,inside,outside,Host-401,App-10,486,17
ALLOW,TRUE,rule365,TRUE,TRUE,TRUE,inside,outside,Range-400,App-1,487,17
ALLOW,TRUE,rule366,TRUE,TRUE,TRUE,inside,outside,Range-401,App-1,488,17
TRUST,FALSE,rule367,FALSE,FALSE,FALSE,inside,outside,Host-402,App-3,489,17
BLOCK,TRUE,rule368,FALSE,FALSE,FALSE,inside,outside,Host-403,App-4,490,17
MONITOR,FALSE,rule369,FALSE,FALSE,FALSE,inside,outside,Range-402,App-5,491,17
BLOCK_RESET,TRUE,rule370,FALSE,FALSE,FALSE,inside,outside,Range-403,Range-20,492,17
BLOCK_INTERACTIVE,FALSE,rule371,FALSE,FALSE,FALSE,inside,outside,Host-404,Range-21,493,17
BLOCK_RESET_INTERACTIVE,TRUE,rule372,FALSE,FALSE,FALSE,inside,outside,Host-405,App-8,494,17
ALLOW,TRUE,rule373,TRUE,TRUE,TRUE,inside,outside,Range-404,App-1,495,17
TRUST,FALSE,rule374,FALSE,FALSE,FALSE,inside,outside,Range-405,App-3,496,17
BLOCK,TRUE,rule375,FALSE,FALSE,FALSE,inside,outside,Host-406,App-4,497,17
MONITOR,FALSE,rule376,FALSE,FALSE,FALSE,inside,outside,Host-407,App-5,498,17
BLOCK_RESET,TRUE,rule377,FALSE,FALSE,FALSE,inside,outside,Range-406,Range-22,499,17
BLOCK_INTERACTIVE,FALSE,rule378,FALSE,FALSE,FALSE,inside,outside,Range-407,Range-23,500,17
BLOCK_RESET_INTERACTIVE,TRUE,rule379,FALSE,FALSE,FALSE,inside,outside,Host-408,App-9,501,17
ALLOW,TRUE,rule380,TRUE,TRUE,TRUE,inside,outside,Host-409,App-1,502,17
TRUST,FALSE,rule381,FALSE,FALSE,FALSE,inside,outside,Range-408,App-3,503,17
BLOCK,TRUE,rule382,FALSE,FALSE,FALSE,inside,outside,Range-409,App-4,504,17
MONITOR,FALSE,rule383,FALSE,FALSE,FALSE,inside,outside,Host-410,App-5,505,17
BLOCK_RESET,TRUE,rule384,FALSE,FALSE,FALSE,inside,outside,Host-411,Range-24,506,17
BLOCK_INTERACTIVE,FALSE,rule385,FALSE,FALSE,FALSE,inside,outside,Range-410,Range-25,507,17
BLOCK_RESET_INTERACTIVE,TRUE,rule386,FALSE,FALSE,FALSE,inside,outside,Range-411,App-8,508,17
ALLOW,TRUE,rule387,TRUE,TRUE,TRUE,inside,outside,Host-412,App-17,509,17
ALLOW,TRUE,rule388,TRUE,TRUE,TRUE,inside,outside,Host-413,App-1,510,17
TRUST,FALSE,rule389,FALSE,FALSE,FALSE,inside,outside,Range-412,App-3,511,17
BLOCK,TRUE,rule390,FALSE,FALSE,FALSE,inside,outside,Range-413,App-4,512,17
MONITOR,FALSE,rule391,FALSE,FALSE,FALSE,inside,outside,Host-414,App-5,513,17
BLOCK_RESET,TRUE,rule392,FALSE,FALSE,FALSE,inside,outside,Host-415,Range-15,514,17
ALLOW,TRUE,rule393,TRUE,TRUE,TRUE,inside,outside,Range-414,App-1,515,17
TRUST,TRUE,rule394,FALSE,FALSE,FALSE,inside,outside,Range-415,App-3,516,17
BLOCK,TRUE,rule395,FALSE,FALSE,FALSE,inside,outside,Host-416,App-4,517,17
MONITOR,FALSE,rule396,FALSE,FALSE,FALSE,inside,outside,Host-417,App-5,518,17
BLOCK_RESET,TRUE,rule397,FALSE,FALSE,FALSE,inside,outside,Range-416,Range-20,519,17
BLOCK_INTERACTIVE,TRUE,rule398,FALSE,FALSE,FALSE,inside,outside,Range-417,Range-21,520,17
BLOCK_RESET_INTERACTIVE,TRUE,rule399,FALSE,FALSE,FALSE,inside,outside,Host-418,App-8,521,17
ALLOW,TRUE,rule400,TRUE,TRUE,TRUE,inside,outside,Host-419,App-1,522,17
TRUST,TRUE,rule401,FALSE,FALSE,FALSE,inside,outside,Range-418,App-3,523,17
BLOCK,TRUE,rule402,FALSE,FALSE,FALSE,inside,outside,Range-419,App-4,524,17
MONITOR,FALSE,rule403,FALSE,FALSE,FALSE,inside,outside,Host-420,App-5,525,17
BLOCK_RESET,TRUE,rule404,FALSE,FALSE,FALSE,inside,outside,Host-421,Range-22,526,17
BLOCK_INTERACTIVE,FALSE,rule405,FALSE,FALSE,FALSE,inside,outside,Range-420,Range-23,527,17
BLOCK_RESET_INTERACTIVE,TRUE,rule406,FALSE,FALSE,FALSE,inside,outside,Range-421,App-9,528,17
ALLOW,TRUE,rule407,TRUE,TRUE,TRUE,inside,outside,Host-422,App-1,529,17
TRUST,FALSE,rule408,FALSE,FALSE,FALSE,inside,outside,Host-423,App-3,530,17
BLOCK,TRUE,rule409,FALSE,FALSE,FALSE,inside,outside,Range-422,App-4,531,17
MONITOR,FALSE,rule410,FALSE,FALSE,FALSE,inside,outside,Range-423,App-5,532,17
BLOCK_RESET,TRUE,rule411,FALSE,FALSE,FALSE,inside,outside,Host-424,Range-24,533,17
BLOCK_INTERACTIVE,FALSE,rule412,FALSE,FALSE,FALSE,inside,outside,Host-425,Range-25,534,17
BLOCK_RESET_INTERACTIVE,TRUE,rule413,FALSE,FALSE,FALSE,inside,outside,Range-424,App-10,535,17
ALLOW,TRUE,rule414,TRUE,TRUE,TRUE,inside,outside,Range-425,App-1,536,17
ALLOW,TRUE,rule415,TRUE,TRUE,TRUE,inside,outside,Host-426,App-1,537,17
TRUST,FALSE,rule416,FALSE,FALSE,FALSE,inside,outside,Host-427,App-3,538,17
BLOCK,TRUE,rule417,FALSE,FALSE,FALSE,inside,outside,Range-426,App-4,539,17
MONITOR,FALSE,rule418,FALSE,FALSE,FALSE,inside,outside,Range-427,App-5,540,17
BLOCK_RESET,TRUE,rule419,FALSE,FALSE,FALSE,inside,outside,Host-428,Range-22,541,17
BLOCK_INTERACTIVE,FALSE,rule420,FALSE,FALSE,FALSE,inside,outside,Host-429,Range-23,542,17
BLOCK_RESET_INTERACTIVE,TRUE,rule421,FALSE,FALSE,FALSE,inside,outside,Range-428,App-8,543,17
ALLOW,TRUE,rule422,TRUE,TRUE,TRUE,inside,outside,Range-429,App-1,544,17
TRUST,FALSE,rule423,FALSE,FALSE,FALSE,inside,outside,Host-430,App-3,545,17
BLOCK,TRUE,rule424,FALSE,FALSE,FALSE,inside,outside,Host-431,App-4,546,17
MONITOR,FALSE,rule425,FALSE,FALSE,FALSE,inside,outside,Range-430,App-5,547,17
BLOCK_RESET,TRUE,rule426,FALSE,FALSE,FALSE,inside,outside,Range-431,Range-24,548,17
BLOCK_INTERACTIVE,FALSE,rule427,FALSE,FALSE,FALSE,inside,outside,Host-432,Range-25,549,17
BLOCK_RESET_INTERACTIVE,TRUE,rule428,FALSE,FALSE,FALSE,inside,outside,Host-433,App-9,550,17
ALLOW,TRUE,rule429,TRUE,TRUE,TRUE,inside,outside,Range-432,App-1,551,17
TRUST,FALSE,rule430,FALSE,FALSE,FALSE,inside,outside,Range-433,App-3,552,17
BLOCK,TRUE,rule431,FALSE,FALSE,FALSE,inside,outside,Host-434,App-4,553,17
MONITOR,FALSE,rule432,FALSE,FALSE,FALSE,inside,outside,Host-435,App-5,554,17
BLOCK_RESET,TRUE,rule433,FALSE,FALSE,FALSE,inside,outside,Range-434,Range-26,555,17
BLOCK_INTERACTIVE,FALSE,rule434,FALSE,FALSE,FALSE,inside,outside,Range-435,Range-27,556,17
BLOCK_RESET_INTERACTIVE,TRUE,rule435,FALSE,FALSE,FALSE,inside,outside,Host-436,App-8,557,17
ALLOW,TRUE,rule436,TRUE,TRUE,TRUE,inside,outside,Host-437,App-17,558,17
ALLOW,TRUE,rule437,TRUE,TRUE,TRUE,inside,outside,Range-436,App-1,559,17
TRUST,FALSE,rule438,FALSE,FALSE,FALSE,inside,outside,Range-437,App-3,560,17
BLOCK,TRUE,rule439,FALSE,FALSE,FALSE,inside,outside,Host-438,App-4,561,17
MONITOR,FALSE,rule440,FALSE,FALSE,FALSE,inside,outside,Host-439,App-5,562,17
BLOCK_RESET,TRUE,rule441,FALSE,FALSE,FALSE,inside,outside,Range-438,Range-16,563,17
ALLOW,TRUE,rule442,TRUE,TRUE,TRUE,inside,outside,Range-439,App-1,564,17
TRUST,TRUE,rule443,FALSE,FALSE,FALSE,inside,outside,Host-440,App-3,565,17
BLOCK,TRUE,rule444,FALSE,FALSE,FALSE,inside,outside,Host-441,App-4,566,17
MONITOR,FALSE,rule445,FALSE,FALSE,FALSE,inside,outside,Range-440,App-5,567,17
BLOCK_RESET,TRUE,rule446,FALSE,FALSE,FALSE,inside,outside,Range-441,Range-22,568,17
BLOCK_INTERACTIVE,TRUE,rule447,FALSE,FALSE,FALSE,inside,outside,NW-300,Range-23,569,17
BLOCK_RESET_INTERACTIVE,TRUE,rule448,FALSE,FALSE,FALSE,inside,outside,NW-301,App-8,570,17
ALLOW,TRUE,rule449,TRUE,TRUE,TRUE,inside,outside,Host-101,App-1,571,17
TRUST,TRUE,rule450,FALSE,FALSE,FALSE,inside,outside,Network-35,App-3,572,17
BLOCK,TRUE,rule451,FALSE,FALSE,FALSE,inside,outside,Network-36,App-4,573,17
MONITOR,FALSE,rule452,FALSE,FALSE,FALSE,inside,outside,Network-37,App-5,574,17
BLOCK_RESET,TRUE,rule453,FALSE,FALSE,FALSE,inside,outside,Host-107,Range-24,575,17
BLOCK_INTERACTIVE,FALSE,rule454,FALSE,FALSE,FALSE,inside,outside,Host-108,Range-25,576,17
BLOCK_RESET_INTERACTIVE,TRUE,rule455,FALSE,FALSE,FALSE,inside,outside,Host-109,App-9,577,17
ALLOW,TRUE,rule456,TRUE,TRUE,TRUE,inside,outside,Host-102,App-1,578,17
TRUST,FALSE,rule457,FALSE,FALSE,FALSE,inside,outside,Network-38,App-3,579,17
BLOCK,TRUE,rule458,FALSE,FALSE,FALSE,inside,outside,Network-39,App-4,580,17
MONITOR,FALSE,rule459,FALSE,FALSE,FALSE,inside,outside,Network-40,App-5,581,17
BLOCK_RESET,TRUE,rule460,FALSE,FALSE,FALSE,inside,outside,Host-110,Range-26,582,17
BLOCK_INTERACTIVE,FALSE,rule461,FALSE,FALSE,FALSE,inside,outside,Host-111,Range-27,583,17
BLOCK_RESET_INTERACTIVE,TRUE,rule462,FALSE,FALSE,FALSE,inside,outside,Host-112,App-10,584,17
ALLOW,TRUE,rule463,TRUE,TRUE,TRUE,inside,outside,Host-103,App-1,585,17
ALLOW,TRUE,rule464,TRUE,TRUE,TRUE,inside,outside,Host-101,App-1,586,17
TRUST,FALSE,rule465,FALSE,FALSE,FALSE,inside,outside,Network-35,App-3,587,17
BLOCK,TRUE,rule466,FALSE,FALSE,FALSE,inside,outside,Network-36,App-4,588,17
MONITOR,FALSE,rule467,FALSE,FALSE,FALSE,inside,outside,Network-37,App-5,589,17
BLOCK_RESET,TRUE,rule468,FALSE,FALSE,FALSE,inside,outside,Host-104,Range-24,590,17
BLOCK_INTERACTIVE,FALSE,rule469,FALSE,FALSE,FALSE,inside,outside,Host-105,Range-25,591,17
BLOCK_RESET_INTERACTIVE,TRUE,rule470,FALSE,FALSE,FALSE,inside,outside,Host-106,App-8,592,17
ALLOW,TRUE,rule471,TRUE,TRUE,TRUE,inside,outside,Host-101,App-1,593,17
TRUST,FALSE,rule472,FALSE,FALSE,FALSE,inside,outside,Network-38,App-3,594,17
BLOCK,TRUE,rule473,FALSE,FALSE,FALSE,inside,outside,Network-39,App-4,595,17
MONITOR,FALSE,rule474,FALSE,FALSE,FALSE,inside,outside,Network-40,App-5,596,17
BLOCK_RESET,TRUE,rule475,FALSE,FALSE,FALSE,inside,outside,Host-107,Range-26,597,17
BLOCK_INTERACTIVE,FALSE,rule476,FALSE,FALSE,FALSE,inside,outside,Host-108,Range-27,598,17
BLOCK_RESET_INTERACTIVE,TRUE,rule477,FALSE,FALSE,FALSE,inside,outside,Host-109,App-9,599,17
ALLOW,TRUE,rule478,TRUE,TRUE,TRUE,inside,outside,Host-102,App-1,600,17
TRUST,FALSE,rule479,FALSE,FALSE,FALSE,inside,outside,Network-41,App-3,601,17
BLOCK,TRUE,rule480,FALSE,FALSE,FALSE,inside,outside,Network-42,App-4,602,17
MONITOR,FALSE,rule481,FALSE,FALSE,FALSE,inside,outside,Network-43,App-5,603,17
BLOCK_RESET,TRUE,rule482,FALSE,FALSE,FALSE,inside,outside,Host-110,Range-28,604,17
BLOCK_INTERACTIVE,FALSE,rule483,FALSE,FALSE,FALSE,inside,outside,Host-111,Range-29,605,17
BLOCK_RESET_INTERACTIVE,TRUE,rule484,FALSE,FALSE,FALSE,inside,outside,Host-112,App-8,606,17
ALLOW,TRUE,rule485,TRUE,TRUE,TRUE,inside,outside,Host-103,App-17,607,17
ALLOW,TRUE,rule486,TRUE,TRUE,TRUE,inside,outside,Host-102,App-1,608,17
TRUST,FALSE,rule487,FALSE,FALSE,FALSE,inside,outside,Network-38,App-3,609,17
BLOCK,TRUE,rule488,FALSE,FALSE,FALSE,inside,outside,Network-39,App-4,610,17
MONITOR,FALSE,rule489,FALSE,FALSE,FALSE,inside,outside,Network-40,App-5,611,17
BLOCK_RESET,TRUE,rule490,FALSE,FALSE,FALSE,inside,outside,Host-113,Range-17,612,17
ALLOW,TRUE,rule491,TRUE,TRUE,TRUE,inside,outside,Host-110,App-1,613,17
TRUST,TRUE,rule492,FALSE,FALSE,FALSE,inside,outside,Network-35,App-3,614,17
BLOCK,TRUE,rule493,FALSE,FALSE,FALSE,inside,outside,Network-36,App-4,615,17
MONITOR,FALSE,rule494,FALSE,FALSE,FALSE,inside,outside,Network-37,App-5,616,17
BLOCK_RESET,TRUE,rule495,FALSE,FALSE,FALSE,inside,outside,Host-104,Range-24,617,17
BLOCK_INTERACTIVE,TRUE,rule496,FALSE,FALSE,FALSE,inside,outside,Host-105,Range-25,618,17
BLOCK_RESET_INTERACTIVE,TRUE,rule497,FALSE,FALSE,FALSE,inside,outside,Host-106,App-8,619,17
ALLOW,TRUE,rule498,TRUE,TRUE,TRUE,inside,outside,Host-101,App-1,620,17
TRUST,TRUE,rule499,FALSE,FALSE,FALSE,inside,outside,Network-38,App-3,621,17
BLOCK,TRUE,rule500,FALSE,FALSE,FALSE,inside,outside,Network-39,App-4,622,17
BLOCK,TRUE,rule501,FALSE,FALSE,FALSE,inside,outside,Network-44,App-6,623,17
MONITOR,FALSE,rule502,FALSE,FALSE,FALSE,inside,outside,Network-45,App-7,624,17
BLOCK_RESET,TRUE,rule503,FALSE,FALSE,FALSE,inside,outside,Host-110,Range-30,625,17
BLOCK_INTERACTIVE,FALSE,rule504,FALSE,FALSE,FALSE,inside,outside,Host-111,Range-31,626,17
BLOCK_RESET_INTERACTIVE,TRUE,rule505,FALSE,FALSE,FALSE,inside,outside,Host-112,App-8,627,17
ALLOW,TRUE,rule506,TRUE,TRUE,TRUE,inside,outside,Host-103,App-17,628,17
ALLOW,TRUE,rule507,TRUE,TRUE,TRUE,inside,outside,Host-102,App-1,629,17
TRUST,FALSE,rule508,FALSE,FALSE,FALSE,inside,outside,Network-41,App-3,630,17
BLOCK,TRUE,rule509,FALSE,FALSE,FALSE,inside,outside,Network-42,App-4,631,17
MONITOR,FALSE,rule510,FALSE,FALSE,FALSE,inside,outside,Network-43,App-5,632,17
BLOCK_RESET,TRUE,rule511,FALSE,FALSE,FALSE,inside,outside,Host-107,Range-18,633,17
ALLOW,TRUE,rule512,TRUE,TRUE,TRUE,inside,outside,Host-104,App-1,634,17
TRUST,TRUE,rule513,FALSE,FALSE,FALSE,inside,outside,Network-38,App-3,635,17
BLOCK,TRUE,rule514,FALSE,FALSE,FALSE,inside,outside,Network-39,App-4,636,17
MONITOR,FALSE,rule515,FALSE,FALSE,FALSE,inside,outside,Network-40,App-5,637,17
BLOCK_RESET,TRUE,rule516,FALSE,FALSE,FALSE,inside,outside,Host-104,Range-26,638,17
BLOCK_INTERACTIVE,TRUE,rule517,FALSE,FALSE,FALSE,inside,outside,Host-105,Range-27,639,17
BLOCK_RESET_INTERACTIVE,TRUE,rule518,FALSE,FALSE,FALSE,inside,outside,Host-106,App-8,640,17
ALLOW,TRUE,rule519,TRUE,TRUE,TRUE,inside,outside,Host-101,App-1,641,17
TRUST,TRUE,rule520,FALSE,FALSE,FALSE,inside,outside,Network-40,App-3,642,17
BLOCK,TRUE,rule521,FALSE,FALSE,FALSE,inside,outside,Network-41,App-4,643,17
BLOCK,TRUE,rule522,FALSE,FALSE,FALSE,inside,outside,Network-46,App-8,644,17
MONITOR,FALSE,rule523,FALSE,FALSE,FALSE,inside,outside,Network-47,App-9,645,17
BLOCK_RESET,TRUE,rule524,FALSE,FALSE,FALSE,inside,outside,Host-110,Range-32,646,17
BLOCK_INTERACTIVE,FALSE,rule525,FALSE,FALSE,FALSE,inside,outside,Host-111,Range-33,647,17
BLOCK_RESET_INTERACTIVE,TRUE,rule526,FALSE,FALSE,FALSE,inside,outside,Host-112,App-8,648,17
ALLOW,TRUE,rule527,TRUE,TRUE,TRUE,inside,outside,Host-103,App-17,649,17
ALLOW,TRUE,rule528,TRUE,TRUE,TRUE,inside,outside,Host-102,App-1,650,17
TRUST,FALSE,rule529,FALSE,FALSE,FALSE,inside,outside,Network-44,App-3,651,17
BLOCK,TRUE,rule530,FALSE,FALSE,FALSE,inside,outside,Network-45,App-4,652,17
MONITOR,FALSE,rule531,FALSE,FALSE,FALSE,inside,outside,Network-46,App-5,653,17
BLOCK_RESET,TRUE,rule532,FALSE,FALSE,FALSE,inside,outside,Host-101,Range-19,654,17
ALLOW,TRUE,rule533,TRUE,TRUE,TRUE,inside,outside,Host-98,App-1,655,17
TRUST,TRUE,rule534,FALSE,FALSE,FALSE,inside,outside,Network-41,App-3,656,17
BLOCK,TRUE,rule535,FALSE,FALSE,FALSE,inside,outside,Network-42,App-4,657,17
MONITOR,FALSE,rule536,FALSE,FALSE,FALSE,inside,outside,Network-43,App-5,658,17
BLOCK_RESET,TRUE,rule537,FALSE,FALSE,FALSE,inside,outside,Host-104,Range-28,659,17
BLOCK_INTERACTIVE,TRUE,rule538,FALSE,FALSE,FALSE,inside,outside,Host-105,Range-29,660,17
BLOCK_RESET_INTERACTIVE,TRUE,rule539,FALSE,FALSE,FALSE,inside,outside,Host-106,App-8,661,17
ALLOW,TRUE,rule540,TRUE,TRUE,TRUE,inside,outside,Host-101,App-1,662,17
TRUST,TRUE,rule541,FALSE,FALSE,FALSE,inside,outside,Network-42,App-3,663,17
BLOCK,TRUE,rule542,FALSE,FALSE,FALSE,inside,outside,Network-43,App-4,664,17
BLOCK,TRUE,rule543,FALSE,FALSE,FALSE,inside,outside,Network-48,App-10,665,17
MONITOR,FALSE,rule544,FALSE,FALSE,FALSE,inside,outside,Network-49,App-11,666,17
BLOCK_RESET,TRUE,rule545,FALSE,FALSE,FALSE,inside,outside,Host-110,Range-34,667,17
BLOCK_INTERACTIVE,FALSE,rule546,FALSE,FALSE,FALSE,inside,outside,Host-111,Range-35,668,17
BLOCK_RESET_INTERACTIVE,TRUE,rule547,FALSE,FALSE,FALSE,inside,outside,Host-112,App-8,669,17
ALLOW,TRUE,rule548,TRUE,TRUE,TRUE,inside,outside,Host-103,App-17,670,17
ALLOW,TRUE,rule549,TRUE,TRUE,TRUE,inside,outside,Host-102,App-1,671,17
TRUST,FALSE,rule550,FALSE,FALSE,FALSE,inside,outside,Network-47,App-3,672,17
BLOCK,TRUE,rule551,FALSE,FALSE,FALSE,inside,outside,Network-48,App-4,673,17
MONITOR,FALSE,rule552,FALSE,FALSE,FALSE,inside,outside,Network-49,App-5,674,17
BLOCK_RESET,TRUE,rule553,FALSE,FALSE,FALSE,inside,outside,Host-95,Range-20,675,17
ALLOW,TRUE,rule554,TRUE,TRUE,TRUE,inside,outside,Host-92,App-1,676,17
TRUST,TRUE,rule555,FALSE,FALSE,FALSE,inside,outside,Network-44,App-3,677,17
BLOCK,TRUE,rule556,FALSE,FALSE,FALSE,inside,outside,Network-45,App-4,678,17
MONITOR,FALSE,rule557,FALSE,FALSE,FALSE,inside,outside,Network-46,App-5,679,17
BLOCK_RESET,TRUE,rule558,FALSE,FALSE,FALSE,inside,outside,Host-104,Range-30,680,17
BLOCK_INTERACTIVE,TRUE,rule559,FALSE,FALSE,FALSE,inside,outside,Host-105,Range-31,681,17
BLOCK_RESET_INTERACTIVE,TRUE,rule560,FALSE,FALSE,FALSE,inside,outside,Host-106,App-8,682,17
ALLOW,TRUE,rule561,TRUE,TRUE,TRUE,inside,outside,Host-101,App-1,683,17
TRUST,TRUE,rule562,FALSE,FALSE,FALSE,inside,outside,Network-44,App-3,684,17
BLOCK,TRUE,rule563,FALSE,FALSE,FALSE,inside,outside,Network-45,App-4,685,17
BLOCK,TRUE,rule564,FALSE,FALSE,FALSE,inside,outside,Network-50,App-12,686,17
MONITOR,FALSE,rule565,FALSE,FALSE,FALSE,inside,outside,Network-51,App-13,687,17
BLOCK_RESET,TRUE,rule566,FALSE,FALSE,FALSE,inside,outside,Host-110,Range-36,688,17
BLOCK_INTERACTIVE,FALSE,rule567,FALSE,FALSE,FALSE,inside,outside,Host-111,Range-37,689,17
BLOCK_RESET_INTERACTIVE,TRUE,rule568,FALSE,FALSE,FALSE,inside,outside,Host-112,App-8,690,17
ALLOW,TRUE,rule569,TRUE,TRUE,TRUE,inside,outside,Host-103,App-17,691,17
ALLOW,TRUE,rule570,TRUE,TRUE,TRUE,inside,outside,Host-102,App-1,692,17
TRUST,FALSE,rule571,FALSE,FALSE,FALSE,inside,outside,Network-50,App-3,693,17
BLOCK,TRUE,rule572,FALSE,FALSE,FALSE,inside,outside,Network-51,App-4,694,17
MONITOR,FALSE,rule573,FALSE,FALSE,FALSE,inside,outside,Network-52,App-5,695,17
BLOCK_RESET,TRUE,rule574,FALSE,FALSE,FALSE,inside,outside,Host-89,Range-21,696,17
ALLOW,TRUE,rule575,TRUE,TRUE,TRUE,inside,outside,Host-86,App-1,697,17
TRUST,TRUE,rule576,FALSE,FALSE,FALSE,inside,outside,Network-47,App-3,698,17
BLOCK,TRUE,rule577,FALSE,FALSE,FALSE,inside,outside,Network-48,App-4,699,17
MONITOR,FALSE,rule578,FALSE,FALSE,FALSE,inside,outside,Network-49,App-5,700,17
BLOCK_RESET,TRUE,rule579,FALSE,FALSE,FALSE,inside,outside,Host-104,Range-32,701,17
BLOCK_INTERACTIVE,TRUE,rule580,FALSE,FALSE,FALSE,inside,outside,Host-105,Range-33,702,17
BLOCK_RESET_INTERACTIVE,TRUE,rule581,FALSE,FALSE,FALSE,inside,outside,Host-106,App-8,703,17
ALLOW,TRUE,rule582,TRUE,TRUE,TRUE,inside,outside,Host-101,App-1,704,17
TRUST,TRUE,rule583,FALSE,FALSE,FALSE,inside,outside,Network-46,App-3,705,17
BLOCK,TRUE,rule584,FALSE,FALSE,FALSE,inside,outside,Network-47,App-4,706,17
BLOCK,TRUE,rule585,FALSE,FALSE,FALSE,inside,outside,Network-52,App-14,707,17
MONITOR,FALSE,rule586,FALSE,FALSE,FALSE,inside,outside,Network-53,App-15,708,17
BLOCK_RESET,TRUE,rule587,FALSE,FALSE,FALSE,inside,outside,Host-110,Range-38,709,17
BLOCK_INTERACTIVE,FALSE,rule588,FALSE,FALSE,FALSE,inside,outside,Host-111,Range-39,710,17
BLOCK_RESET_INTERACTIVE,TRUE,rule589,FALSE,FALSE,FALSE,inside,outside,Host-112,App-8,711,17
ALLOW,TRUE,rule590,TRUE,TRUE,TRUE,inside,outside,Host-103,App-17,712,17
ALLOW,TRUE,rule591,TRUE,TRUE,TRUE,inside,outside,Host-102,App-1,713,17
TRUST,FALSE,rule592,FALSE,FALSE,FALSE,inside,outside,Network-53,App-3,714,17
BLOCK,TRUE,rule593,FALSE,FALSE,FALSE,inside,outside,Network-54,App-4,715,17
MONITOR,FALSE,rule594,FALSE,FALSE,FALSE,inside,outside,Network-55,App-5,716,17
BLOCK_RESET,TRUE,rule595,FALSE,FALSE,FALSE,inside,outside,Host-83,Range-22,717,17
ALLOW,TRUE,rule596,TRUE,TRUE,TRUE,inside,outside,Host-80,App-1,718,17
TRUST,TRUE,rule597,FALSE,FALSE,FALSE,inside,outside,Network-50,App-3,719,17
BLOCK,TRUE,rule598,FALSE,FALSE,FALSE,inside,outside,Network-51,App-4,720,17
MONITOR,FALSE,rule599,FALSE,FALSE,FALSE,inside,outside,Network-52,App-5,721,17
BLOCK_RESET,TRUE,rule600,FALSE,FALSE,FALSE,inside,outside,Host-104,Range-34,722,17
BLOCK_INTERACTIVE,TRUE,rule601,FALSE,FALSE,FALSE,inside,outside,Host-105,Range-35,723,17
BLOCK_RESET_INTERACTIVE,TRUE,rule602,FALSE,FALSE,FALSE,inside,outside,Host-106,App-8,724,17
ALLOW,TRUE,rule603,TRUE,TRUE,TRUE,inside,outside,Host-101,App-1,725,17
TRUST,TRUE,rule604,FALSE,FALSE,FALSE,inside,outside,Network-48,App-3,726,17
BLOCK,TRUE,rule605,FALSE,FALSE,FALSE,inside,outside,Network-49,App-4,727,17
BLOCK,TRUE,rule606,FALSE,FALSE,FALSE,inside,outside,Network-54,App-16,728,17
MONITOR,FALSE,rule607,FALSE,FALSE,FALSE,inside,outside,Network-55,App-17,729,17
BLOCK_RESET,TRUE,rule608,FALSE,FALSE,FALSE,inside,outside,Host-110,Range-40,730,17
BLOCK_INTERACTIVE,FALSE,rule609,FALSE,FALSE,FALSE,inside,outside,Host-111,Range-41,731,17
BLOCK_RESET_INTERACTIVE,TRUE,rule610,FALSE,FALSE,FALSE,inside,outside,Host-112,App-8,732,17
ALLOW,TRUE,rule611,TRUE,TRUE,TRUE,inside,outside,Host-103,App-17,733,17
ALLOW,TRUE,rule612,TRUE,TRUE,TRUE,inside,outside,Host-102,App-1,734,17
TRUST,FALSE,rule613,FALSE,FALSE,FALSE,inside,outside,Network-56,App-3,735,17
BLOCK,TRUE,rule614,FALSE,FALSE,FALSE,inside,outside,Network-57,App-4,736,17
MONITOR,FALSE,rule615,FALSE,FALSE,FALSE,inside,outside,Network-58,App-5,737,17
BLOCK_RESET,TRUE,rule616,FALSE,FALSE,FALSE,inside,outside,Host-77,Range-23,738,17
ALLOW,TRUE,rule617,TRUE,TRUE,TRUE,inside,outside,Host-74,App-1,739,17
TRUST,TRUE,rule618,FALSE,FALSE,FALSE,inside,outside,Network-53,App-3,740,17
BLOCK,TRUE,rule619,FALSE,FALSE,FALSE,inside,outside,Network-54,App-4,741,17
MONITOR,FALSE,rule620,FALSE,FALSE,FALSE,inside,outside,Network-55,App-5,742,17
BLOCK_RESET,TRUE,rule621,FALSE,FALSE,FALSE,inside,outside,Host-104,Range-36,743,17
BLOCK_INTERACTIVE,TRUE,rule622,FALSE,FALSE,FALSE,inside,outside,Host-105,Range-37,744,17
BLOCK_RESET_INTERACTIVE,TRUE,rule623,FALSE,FALSE,FALSE,inside,outside,Host-106,App-8,745,17
ALLOW,TRUE,rule624,TRUE,TRUE,TRUE,inside,outside,Host-101,App-1,746,17
TRUST,TRUE,rule625,FALSE,FALSE,FALSE,inside,outside,Network-50,App-3,747,17
BLOCK,TRUE,rule626,FALSE,FALSE,FALSE,inside,outside,Network-51,App-4,748,17
BLOCK,TRUE,rule627,FALSE,FALSE,FALSE,inside,outside,Network-56,App-18,749,17
MONITOR,FALSE,rule628,FALSE,FALSE,FALSE,inside,outside,Network-57,App-19,750,17
BLOCK_RESET,TRUE,rule629,FALSE,FALSE,FALSE,inside,outside,Host-110,Range-42,751,17
BLOCK_INTERACTIVE,FALSE,rule630,FALSE,FALSE,FALSE,inside,outside,Host-111,Range-43,752,17
BLOCK_RESET_INTERACTIVE,TRUE,rule631,FALSE,FALSE,FALSE,inside,outside,Host-112,App-8,753,17
ALLOW,TRUE,rule632,TRUE,TRUE,TRUE,inside,outside,Host-103,App-17,754,17
ALLOW,TRUE,rule633,TRUE,TRUE,TRUE,inside,outside,Host-102,App-1,755,17
TRUST,FALSE,rule634,FALSE,FALSE,FALSE,inside,outside,Network-59,App-3,756,17
BLOCK,TRUE,rule635,FALSE,FALSE,FALSE,inside,outside,Network-60,App-4,757,17
MONITOR,FALSE,rule636,FALSE,FALSE,FALSE,inside,outside,Network-61,App-5,758,17
BLOCK_RESET,TRUE,rule637,FALSE,FALSE,FALSE,inside,outside,Host-71,Range-24,759,17
ALLOW,TRUE,rule638,TRUE,TRUE,TRUE,inside,outside,Host-68,App-1,760,17
TRUST,TRUE,rule639,FALSE,FALSE,FALSE,inside,outside,Network-56,App-3,761,17
BLOCK,TRUE,rule640,FALSE,FALSE,FALSE,inside,outside,Network-57,App-4,762,17
MONITOR,FALSE,rule641,FALSE,FALSE,FALSE,inside,outside,Network-58,App-5,763,17
BLOCK_RESET,TRUE,rule642,FALSE,FALSE,FALSE,inside,outside,Host-104,Range-38,764,17
BLOCK_INTERACTIVE,TRUE,rule643,FALSE,FALSE,FALSE,inside,outside,Host-105,Range-39,765,17
BLOCK_RESET_INTERACTIVE,TRUE,rule644,FALSE,FALSE,FALSE,inside,outside,Host-106,App-8,766,17
ALLOW,TRUE,rule645,TRUE,TRUE,TRUE,inside,outside,Host-101,App-1,767,17
TRUST,TRUE,rule646,FALSE,FALSE,FALSE,inside,outside,Network-52,App-3,768,17
BLOCK,TRUE,rule647,FALSE,FALSE,FALSE,inside,outside,Network-53,App-4,769,17
BLOCK,TRUE,rule648,FALSE,FALSE,FALSE,inside,outside,Network-58,App-20,770,17
MONITOR,FALSE,rule649,FALSE,FALSE,FALSE,inside,outside,Network-59,App-21,771,17
BLOCK_RESET,TRUE,rule650,FALSE,FALSE,FALSE,inside,outside,Host-110,Range-44,772,17
BLOCK_INTERACTIVE,FALSE,rule651,FALSE,FALSE,FALSE,inside,outside,Host-111,Range-45,773,17
BLOCK_RESET_INTERACTIVE,TRUE,rule652,FALSE,FALSE,FALSE,inside,outside,Host-112,App-8,774,17
ALLOW,TRUE,rule653,TRUE,TRUE,TRUE,inside,outside,Host-103,App-17,775,17
ALLOW,TRUE,rule654,TRUE,TRUE,TRUE,inside,outside,Host-102,App-1,776,17
TRUST,FALSE,rule655,FALSE,FALSE,FALSE,inside,outside,Network-62,App-3,777,17
BLOCK,TRUE,rule656,FALSE,FALSE,FALSE,inside,outside,Network-63,App-4,778,17
MONITOR,FALSE,rule657,FALSE,FALSE,FALSE,inside,outside,Network-64,App-5,779,17
BLOCK_RESET,TRUE,rule658,FALSE,FALSE,FALSE,inside,outside,Host-65,Range-25,780,17
ALLOW,TRUE,rule659,TRUE,TRUE,TRUE,inside,outside,Host-62,App-1,781,17
TRUST,TRUE,rule660,FALSE,FALSE,FALSE,inside,outside,Network-59,App-3,782,17
BLOCK,TRUE,rule661,FALSE,FALSE,FALSE,inside,outside,Network-60,App-4,783,17
MONITOR,FALSE,rule662,FALSE,FALSE,FALSE,inside,outside,Network-61,App-5,784,17
BLOCK_RESET,TRUE,rule663,FALSE,FALSE,FALSE,inside,outside,Host-104,Range-40,785,17
BLOCK_INTERACTIVE,TRUE,rule664,FALSE,FALSE,FALSE,inside,outside,Host-105,Range-41,786,17
BLOCK_RESET_INTERACTIVE,TRUE,rule665,FALSE,FALSE,FALSE,inside,outside,Host-106,App-8,787,17
ALLOW,TRUE,rule666,TRUE,TRUE,TRUE,inside,outside,Host-101,App-1,788,17
TRUST,TRUE,rule667,FALSE,FALSE,FALSE,inside,outside,Network-54,App-3,789,17
BLOCK,TRUE,rule668,FALSE,FALSE,FALSE,inside,outside,Network-55,App-4,790,17
BLOCK,TRUE,rule669,FALSE,FALSE,FALSE,inside,outside,Network-60,App-22,791,17
MONITOR,FALSE,rule670,FALSE,FALSE,FALSE,inside,outside,Network-61,App-23,792,17
BLOCK_RESET,TRUE,rule671,FALSE,FALSE,FALSE,inside,outside,Host-110,Range-46,793,17
BLOCK_INTERACTIVE,FALSE,rule672,FALSE,FALSE,FALSE,inside,outside,Host-111,Range-47,794,17
BLOCK_RESET_INTERACTIVE,TRUE,rule673,FALSE,FALSE,FALSE,inside,outside,Host-112,App-8,795,17
ALLOW,TRUE,rule674,TRUE,TRUE,TRUE,inside,outside,Host-103,App-17,796,17
ALLOW,TRUE,rule675,TRUE,TRUE,TRUE,inside,outside,Host-102,App-1,797,17
TRUST,FALSE,rule676,FALSE,FALSE,FALSE,inside,outside,Network-65,App-3,798,17
BLOCK,TRUE,rule677,FALSE,FALSE,FALSE,inside,outside,Network-66,App-4,799,17
MONITOR,FALSE,rule678,FALSE,FALSE,FALSE,inside,outside,Network-67,App-5,800,17
BLOCK_RESET,TRUE,rule679,FALSE,FALSE,FALSE,inside,outside,Host-59,Range-26,801,17
ALLOW,TRUE,rule680,TRUE,TRUE,TRUE,inside,outside,Host-56,App-1,802,17
TRUST,TRUE,rule681,FALSE,FALSE,FALSE,inside,outside,Network-62,App-3,803,17
BLOCK,TRUE,rule682,FALSE,FALSE,FALSE,inside,outside,Network-63,App-4,804,17
MONITOR,FALSE,rule683,FALSE,FALSE,FALSE,inside,outside,Network-64,App-5,805,17
BLOCK_RESET,TRUE,rule684,FALSE,FALSE,FALSE,inside,outside,Host-104,Range-42,806,17
BLOCK_INTERACTIVE,TRUE,rule685,FALSE,FALSE,FALSE,inside,outside,Host-105,Range-43,807,17
BLOCK_RESET_INTERACTIVE,TRUE,rule686,FALSE,FALSE,FALSE,inside,outside,Host-106,App-8,808,17
ALLOW,TRUE,rule687,TRUE,TRUE,TRUE,inside,outside,Host-101,App-1,809,17
TRUST,TRUE,rule688,FALSE,FALSE,FALSE,inside,outside,Network-56,App-3,810,17
BLOCK,TRUE,rule689,FALSE,FALSE,FALSE,inside,outside,Network-57,App-4,811,17
BLOCK,TRUE,rule690,FALSE,FALSE,FALSE,inside,outside,Network-62,App-24,812,17
MONITOR,FALSE,rule691,FALSE,FALSE,FALSE,inside,outside,Network-63,App-25,813,17
BLOCK_RESET,TRUE,rule692,FALSE,FALSE,FALSE,inside,outside,Host-110,Range-48,814,17
BLOCK_INTERACTIVE,FALSE,rule693,FALSE,FALSE,FALSE,inside,outside,Host-111,Range-49,815,17
BLOCK_RESET_INTERACTIVE,TRUE,rule694,FALSE,FALSE,FALSE,inside,outside,Host-112,App-8,816,17
ALLOW,TRUE,rule695,TRUE,TRUE,TRUE,inside,outside,Host-103,App-17,817,17
ALLOW,TRUE,rule696,TRUE,TRUE,TRUE,inside,outside,Host-102,App-1,818,17
TRUST,FALSE,rule697,FALSE,FALSE,FALSE,inside,outside,Network-68,App-3,819,17
BLOCK,TRUE,rule698,FALSE,FALSE,FALSE,inside,outside,Network-69,App-4,820,17
MONITOR,FALSE,rule699,FALSE,FALSE,FALSE,inside,outside,Network-70,App-5,821,17
BLOCK_RESET,TRUE,rule700,FALSE,FALSE,FALSE,inside,outside,Host-53,Range-27,822,17
ALLOW,TRUE,rule701,TRUE,TRUE,TRUE,inside,outside,Host-50,App-1,823,17
TRUST,TRUE,rule702,FALSE,FALSE,FALSE,inside,outside,Network-65,App-3,824,17
BLOCK,TRUE,rule703,FALSE,FALSE,FALSE,inside,outside,Network-66,App-4,825,17
MONITOR,FALSE,rule704,FALSE,FALSE,FALSE,inside,outside,Network-67,App-5,826,17
BLOCK_RESET,TRUE,rule705,FALSE,FALSE,FALSE,inside,outside,Host-104,Range-44,827,17
BLOCK_INTERACTIVE,TRUE,rule706,FALSE,FALSE,FALSE,inside,outside,Host-105,Range-45,828,17
BLOCK_RESET_INTERACTIVE,TRUE,rule707,FALSE,FALSE,FALSE,inside,outside,Host-106,App-8,829,17
ALLOW,TRUE,rule708,TRUE,TRUE,TRUE,inside,outside,Host-101,App-1,830,17
TRUST,TRUE,rule709,FALSE,FALSE,FALSE,inside,outside,Network-58,App-3,831,17
BLOCK,TRUE,rule710,FALSE,FALSE,FALSE,inside,outside,Network-59,App-4,832,17
BLOCK,TRUE,rule711,FALSE,FALSE,FALSE,inside,outside,Network-64,App-26,833,17
MONITOR,FALSE,rule712,FALSE,FALSE,FALSE,inside,outside,Network-65,App-27,834,17
BLOCK_RESET,TRUE,rule713,FALSE,FALSE,FALSE,inside,outside,Host-110,Range-50,835,17
BLOCK_INTERACTIVE,FALSE,rule714,FALSE,FALSE,FALSE,inside,outside,Host-111,Range-51,836,17
BLOCK_RESET_INTERACTIVE,TRUE,rule715,FALSE,FALSE,FALSE,inside,outside,Host-112,App-8,837,17
ALLOW,TRUE,rule716,TRUE,TRUE,TRUE,inside,outside,Host-103,App-17,838,17
ALLOW,TRUE,rule717,TRUE,TRUE,TRUE,inside,outside,Host-102,App-1,839,17
TRUST,FALSE,rule718,FALSE,FALSE,FALSE,inside,outside,Network-71,App-3,840,17
BLOCK,TRUE,rule719,FALSE,FALSE,FALSE,inside,outside,Network-72,App-4,841,17
MONITOR,FALSE,rule720,FALSE,FALSE,FALSE,inside,outside,Network-73,App-5,842,17
BLOCK_RESET,TRUE,rule721,FALSE,FALSE,FALSE,inside,outside,Host-47,Range-28,843,17
ALLOW,TRUE,rule722,TRUE,TRUE,TRUE,inside,outside,Host-44,App-1,844,17
TRUST,TRUE,rule723,FALSE,FALSE,FALSE,inside,outside,Network-68,App-3,845,17
BLOCK,TRUE,rule724,FALSE,FALSE,FALSE,inside,outside,Network-69,App-4,846,17
MONITOR,FALSE,rule725,FALSE,FALSE,FALSE,inside,outside,Network-70,App-5,847,17
BLOCK_RESET,TRUE,rule726,FALSE,FALSE,FALSE,inside,outside,Host-104,Range-46,848,17
BLOCK_INTERACTIVE,TRUE,rule727,FALSE,FALSE,FALSE,inside,outside,Host-105,Range-47,849,17
BLOCK_RESET_INTERACTIVE,TRUE,rule728,FALSE,FALSE,FALSE,inside,outside,Host-106,App-8,850,17
ALLOW,TRUE,rule729,TRUE,TRUE,TRUE,inside,outside,Host-101,App-1,851,17
TRUST,TRUE,rule730,FALSE,FALSE,FALSE,inside,outside,Network-60,App-3,852,17
BLOCK,TRUE,rule731,FALSE,FALSE,FALSE,inside,outside,Network-61,App-4,853,17
BLOCK,TRUE,rule732,FALSE,FALSE,FALSE,inside,outside,Network-66,App-28,854,17
MONITOR,FALSE,rule733,FALSE,FALSE,FALSE,inside,outside,Network-67,App-29,855,17
BLOCK_RESET,TRUE,rule734,FALSE,FALSE,FALSE,inside,outside,Host-110,Range-52,856,17
BLOCK_INTERACTIVE,FALSE,rule735,FALSE,FALSE,FALSE,inside,outside,Host-111,Range-53,857,17
BLOCK_RESET_INTERACTIVE,TRUE,rule736,FALSE,FALSE,FALSE,inside,outside,Host-112,App-8,858,17
ALLOW,TRUE,rule737,TRUE,TRUE,TRUE,inside,outside,Host-103,App-17,859,17
ALLOW,TRUE,rule738,TRUE,TRUE,TRUE,inside,outside,Host-102,App-1,860,17
TRUST,FALSE,rule739,FALSE,FALSE,FALSE,inside,outside,Network-74,App-3,861,17
BLOCK,TRUE,rule740,FALSE,FALSE,FALSE,inside,outside,Network-75,App-4,862,17
MONITOR,FALSE,rule741,FALSE,FALSE,FALSE,inside,outside,Network-76,App-5,863,17
BLOCK_RESET,TRUE,rule742,FALSE,FALSE,FALSE,inside,outside,Host-41,Range-29,864,17
ALLOW,TRUE,rule743,TRUE,TRUE,TRUE,inside,outside,Host-38,App-1,865,17
TRUST,TRUE,rule744,FALSE,FALSE,FALSE,inside,outside,Network-71,App-3,866,17
BLOCK,TRUE,rule745,FALSE,FALSE,FALSE,inside,outside,Network-72,App-4,867,17
MONITOR,FALSE,rule746,FALSE,FALSE,FALSE,inside,outside,Network-73,App-5,868,17
BLOCK_RESET,TRUE,rule747,FALSE,FALSE,FALSE,inside,outside,Host-104,Range-48,869,17
BLOCK_INTERACTIVE,TRUE,rule748,FALSE,FALSE,FALSE,inside,outside,Host-105,Range-49,870,17
BLOCK_RESET_INTERACTIVE,TRUE,rule749,FALSE,FALSE,FALSE,inside,outside,Host-106,App-8,871,17
ALLOW,TRUE,rule750,TRUE,TRUE,TRUE,inside,outside,Host-101,App-1,872,17
TRUST,TRUE,rule751,FALSE,FALSE,FALSE,inside,outside,Network-62,App-3,873,17
BLOCK,TRUE,rule752,FALSE,FALSE,FALSE,inside,outside,Network-63,App-4,874,17
BLOCK,TRUE,rule753,FALSE,FALSE,FALSE,inside,outside,Network-68,App-30,875,17
MONITOR,FALSE,rule754,FALSE,FALSE,FALSE,inside,outside,Network-69,App-31,876,17
BLOCK_RESET,TRUE,rule755,FALSE,FALSE,FALSE,inside,outside,Host-110,Range-54,877,17
BLOCK_INTERACTIVE,FALSE,rule756,FALSE,FALSE,FALSE,inside,outside,Host-111,Range-55,878,17
BLOCK_RESET_INTERACTIVE,TRUE,rule757,FALSE,FALSE,FALSE,inside,outside,Host-112,App-8,879,17
ALLOW,TRUE,rule758,TRUE,TRUE,TRUE,inside,outside,Host-103,App-17,880,17
ALLOW,TRUE,rule759,TRUE,TRUE,TRUE,inside,outside,Host-102,App-1,881,17
TRUST,FALSE,rule760,FALSE,FALSE,FALSE,inside,outside,Network-77,App-3,882,17
BLOCK,TRUE,rule761,FALSE,FALSE,FALSE,inside,outside,Network-78,App-4,883,17
MONITOR,FALSE,rule762,FALSE,FALSE,FALSE,inside,outside,Network-79,App-5,884,17
BLOCK_RESET,TRUE,rule763,FALSE,FALSE,FALSE,inside,outside,Host-35,Range-30,885,17
ALLOW,TRUE,rule764,TRUE,TRUE,TRUE,inside,outside,Host-32,App-1,886,17
TRUST,TRUE,rule765,FALSE,FALSE,FALSE,inside,outside,Network-74,App-3,887,17
BLOCK,TRUE,rule766,FALSE,FALSE,FALSE,inside,outside,Network-75,App-4,888,17
MONITOR,FALSE,rule767,FALSE,FALSE,FALSE,inside,outside,Network-76,App-5,889,17
BLOCK_RESET,TRUE,rule768,FALSE,FALSE,FALSE,inside,outside,Host-104,Range-50,890,17
BLOCK_INTERACTIVE,TRUE,rule769,FALSE,FALSE,FALSE,inside,outside,Host-105,Range-51,891,17
BLOCK_RESET_INTERACTIVE,TRUE,rule770,FALSE,FALSE,FALSE,inside,outside,Host-106,App-8,892,17
ALLOW,TRUE,rule771,TRUE,TRUE,TRUE,inside,outside,Host-101,App-1,893,17
TRUST,TRUE,rule772,FALSE,FALSE,FALSE,inside,outside,Network-64,App-3,894,17
BLOCK,TRUE,rule773,FALSE,FALSE,FALSE,inside,outside,Network-65,App-4,895,17
BLOCK,TRUE,rule774,FALSE,FALSE,FALSE,inside,outside,Network-70,App-32,896,17
MONITOR,FALSE,rule775,FALSE,FALSE,FALSE,inside,outside,Network-71,App-33,897,17
BLOCK_RESET,TRUE,rule776,FALSE,FALSE,FALSE,inside,outside,Host-110,Range-56,898,17
BLOCK_INTERACTIVE,FALSE,rule777,FALSE,FALSE,FALSE,inside,outside,Host-111,Range-57,899,17
BLOCK_RESET_INTERACTIVE,TRUE,rule778,FALSE,FALSE,FALSE,inside,outside,Host-112,App-8,900,17
ALLOW,TRUE,rule779,TRUE,TRUE,TRUE,inside,outside,Host-103,App-17,901,17
ALLOW,TRUE,rule780,TRUE,TRUE,TRUE,inside,outside,Host-102,App-1,902,17
TRUST,FALSE,rule781,FALSE,FALSE,FALSE,inside,outside,Network-80,App-3,903,17
BLOCK,TRUE,rule782,FALSE,FALSE,FALSE,inside,outside,Network-81,App-4,904,17
MONITOR,FALSE,rule783,FALSE,FALSE,FALSE,inside,outside,Network-82,App-5,905,17
BLOCK_RESET,TRUE,rule784,FALSE,FALSE,FALSE,inside,outside,Host-29,Range-31,906,17
ALLOW,TRUE,rule785,TRUE,TRUE,TRUE,inside,outside,Host-26,App-1,907,17
TRUST,TRUE,rule786,FALSE,FALSE,FALSE,inside,outside,Network-77,App-3,908,17
BLOCK,TRUE,rule787,FALSE,FALSE,FALSE,inside,outside,Network-78,App-4,909,17
MONITOR,FALSE,rule788,FALSE,FALSE,FALSE,inside,outside,Network-79,App-5,910,17
BLOCK_RESET,TRUE,rule789,FALSE,FALSE,FALSE,inside,outside,Host-104,Range-52,911,17
BLOCK_INTERACTIVE,TRUE,rule790,FALSE,FALSE,FALSE,inside,outside,Host-105,Range-53,912,17
BLOCK_RESET_INTERACTIVE,TRUE,rule791,FALSE,FALSE,FALSE,inside,outside,Host-106,App-8,913,17
ALLOW,TRUE,rule792,TRUE,TRUE,TRUE,inside,outside,Host-101,App-1,914,17
TRUST,TRUE,rule793,FALSE,FALSE,FALSE,inside,outside,Network-66,App-3,915,17
BLOCK,TRUE,rule794,FALSE,FALSE,FALSE,inside,outside,Network-67,App-4,916,17
BLOCK,TRUE,rule795,FALSE,FALSE,FALSE,inside,outside,Network-72,App-34,917,17
MONITOR,FALSE,rule796,FALSE,FALSE,FALSE,inside,outside,Network-73,App-35,918,17
BLOCK_RESET,TRUE,rule797,FALSE,FALSE,FALSE,inside,outside,Host-110,Range-58,919,17
BLOCK_INTERACTIVE,FALSE,rule798,FALSE,FALSE,FALSE,inside,outside,Host-111,Range-59,920,17
BLOCK_RESET_INTERACTIVE,TRUE,rule799,FALSE,FALSE,FALSE,inside,outside,Host-112,App-8,921,17
ALLOW,TRUE,rule800,TRUE,TRUE,TRUE,inside,outside,Host-103,App-17,922,17
ALLOW,TRUE,rule801,TRUE,TRUE,TRUE,inside,outside,Host-102,App-1,923,17
TRUST,FALSE,rule802,FALSE,FALSE,FALSE,inside,outside,Network-83,App-3,924,17
BLOCK,TRUE,rule803,FALSE,FALSE,FALSE,inside,outside,Network-84,App-4,925,17
MONITOR,FALSE,rule804,FALSE,FALSE,FALSE,inside,outside,Network-85,App-5,926,17
BLOCK_RESET,TRUE,rule805,FALSE,FALSE,FALSE,inside,outside,Host-23,Range-32,927,17
ALLOW,TRUE,rule806,TRUE,TRUE,TRUE,inside,outside,Host-20,App-1,928,17
TRUST,TRUE,rule807,FALSE,FALSE,FALSE,inside,outside,Network-80,App-3,929,17
BLOCK,TRUE,rule808,FALSE,FALSE,FALSE,inside,outside,Network-81,App-4,930,17
MONITOR,FALSE,rule809,FALSE,FALSE,FALSE,inside,outside,Network-82,App-5,931,17
BLOCK_RESET,TRUE,rule810,FALSE,FALSE,FALSE,inside,outside,Host-104,Range-54,932,17
BLOCK_INTERACTIVE,TRUE,rule811,FALSE,FALSE,FALSE,inside,outside,Host-105,Range-55,933,17
BLOCK_RESET_INTERACTIVE,TRUE,rule812,FALSE,FALSE,FALSE,inside,outside,Host-106,App-8,934,17
ALLOW,TRUE,rule813,TRUE,TRUE,TRUE,inside,outside,Host-101,App-1,935,17
TRUST,TRUE,rule814,FALSE,FALSE,FALSE,inside,outside,Network-68,App-3,936,17
BLOCK,TRUE,rule815,FALSE,FALSE,FALSE,inside,outside,Network-69,App-4,937,17
BLOCK,TRUE,rule816,FALSE,FALSE,FALSE,inside,outside,Network-74,App-36,938,17
MONITOR,FALSE,rule817,FALSE,FALSE,FALSE,inside,outside,Network-75,App-37,939,17
BLOCK_RESET,TRUE,rule818,FALSE,FALSE,FALSE,inside,outside,Host-110,Range-60,940,17
BLOCK_INTERACTIVE,FALSE,rule819,FALSE,FALSE,FALSE,inside,outside,Host-111,Range-61,941,17
BLOCK_RESET_INTERACTIVE,TRUE,rule820,FALSE,FALSE,FALSE,inside,outside,Host-112,App-8,942,17
ALLOW,TRUE,rule821,TRUE,TRUE,TRUE,inside,outside,Host-103,App-17,943,17
ALLOW,TRUE,rule822,TRUE,TRUE,TRUE,inside,outside,Host-102,App-1,944,17
TRUST,FALSE,rule823,FALSE,FALSE,FALSE,inside,outside,Network-86,App-3,945,17
BLOCK,TRUE,rule824,FALSE,FALSE,FALSE,inside,outside,Network-87,App-4,946,17
MONITOR,FALSE,rule825,FALSE,FALSE,FALSE,inside,outside,Network-88,App-5,947,17
BLOCK_RESET,TRUE,rule826,FALSE,FALSE,FALSE,inside,outside,Host-17,Range-33,948,17
ALLOW,TRUE,rule827,TRUE,TRUE,TRUE,inside,outside,Host-14,App-1,949,17
TRUST,TRUE,rule828,FALSE,FALSE,FALSE,inside,outside,Network-83,App-3,950,17
BLOCK,TRUE,rule829,FALSE,FALSE,FALSE,inside,outside,Network-84,App-4,951,17
MONITOR,FALSE,rule830,FALSE,FALSE,FALSE,inside,outside,Network-85,App-5,952,17
BLOCK_RESET,TRUE,rule831,FALSE,FALSE,FALSE,inside,outside,Host-104,Range-56,953,17
BLOCK_INTERACTIVE,TRUE,rule832,FALSE,FALSE,FALSE,inside,outside,Host-105,Range-57,954,17
BLOCK_RESET_INTERACTIVE,TRUE,rule833,FALSE,FALSE,FALSE,inside,outside,Host-106,App-8,955,17
ALLOW,TRUE,rule834,TRUE,TRUE,TRUE,inside,outside,Host-101,App-1,956,17
TRUST,TRUE,rule835,FALSE,FALSE,FALSE,inside,outside,Network-70,App-3,957,17
BLOCK,TRUE,rule836,FALSE,FALSE,FALSE,inside,outside,Network-71,App-4,958,17
BLOCK,TRUE,rule837,FALSE,FALSE,FALSE,inside,outside,Network-76,App-38,959,17
MONITOR,FALSE,rule838,FALSE,FALSE,FALSE,inside,outside,Network-77,App-39,960,17
BLOCK_RESET,TRUE,rule839,FALSE,FALSE,FALSE,inside,outside,Host-110,Range-62,961,17
BLOCK_INTERACTIVE,FALSE,rule840,FALSE,FALSE,FALSE,inside,outside,Host-111,Range-63,962,17
BLOCK_RESET_INTERACTIVE,TRUE,rule841,FALSE,FALSE,FALSE,inside,outside,Host-112,App-8,963,17
ALLOW,TRUE,rule842,TRUE,TRUE,TRUE,inside,outside,Host-103,App-17,964,17
ALLOW,TRUE,rule843,TRUE,TRUE,TRUE,inside,outside,Host-102,App-1,965,17
TRUST,FALSE,rule844,FALSE,FALSE,FALSE,inside,outside,Network-89,App-3,966,17
BLOCK,TRUE,rule845,FALSE,FALSE,FALSE,inside,outside,Network-90,App-4,967,17
MONITOR,FALSE,rule846,FALSE,FALSE,FALSE,inside,outside,Network-91,App-5,968,17
BLOCK_RESET,TRUE,rule847,FALSE,FALSE,FALSE,inside,outside,Host-11,Range-34,969,17
ALLOW,TRUE,rule848,TRUE,TRUE,TRUE,inside,outside,Host-8,App-1,970,17
TRUST,TRUE,rule849,FALSE,FALSE,FALSE,inside,outside,Network-86,App-3,971,17
BLOCK,TRUE,rule850,FALSE,FALSE,FALSE,inside,outside,Network-87,App-4,972,17
MONITOR,FALSE,rule851,FALSE,FALSE,FALSE,inside,outside,Network-88,App-5,973,17
BLOCK_RESET,TRUE,rule852,FALSE,FALSE,FALSE,inside,outside,Host-104,Range-58,974,17
BLOCK_INTERACTIVE,TRUE,rule853,FALSE,FALSE,FALSE,inside,outside,Host-105,Range-59,975,17
BLOCK_RESET_INTERACTIVE,TRUE,rule854,FALSE,FALSE,FALSE,inside,outside,Host-106,App-8,976,17
ALLOW,TRUE,rule855,TRUE,TRUE,TRUE,inside,outside,Host-101,App-1,977,17
TRUST,TRUE,rule856,FALSE,FALSE,FALSE,inside,outside,Network-72,App-3,978,17
BLOCK,TRUE,rule857,FALSE,FALSE,FALSE,inside,outside,Network-73,App-4,979,17
BLOCK,TRUE,rule858,FALSE,FALSE,FALSE,inside,outside,Network-78,App-40,980,17
MONITOR,FALSE,rule859,FALSE,FALSE,FALSE,inside,outside,Network-79,App-41,981,17
BLOCK_RESET,TRUE,rule860,FALSE,FALSE,FALSE,inside,outside,Host-110,Range-64,982,17
BLOCK_INTERACTIVE,FALSE,rule861,FALSE,FALSE,FALSE,inside,outside,Host-111,Range-65,983,17
BLOCK_RESET_INTERACTIVE,TRUE,rule862,FALSE,FALSE,FALSE,inside,outside,Host-112,App-8,984,17
ALLOW,TRUE,rule863,TRUE,TRUE,TRUE,inside,outside,Host-103,App-17,985,17
ALLOW,TRUE,rule864,TRUE,TRUE,TRUE,inside,outside,Host-102,App-1,986,17
TRUST,FALSE,rule865,FALSE,FALSE,FALSE,inside,outside,Network-92,App-3,987,17
BLOCK,TRUE,rule866,FALSE,FALSE,FALSE,inside,outside,Network-93,App-4,988,17
MONITOR,FALSE,rule867,FALSE,FALSE,FALSE,inside,outside,Network-94,App-5,989,17
BLOCK_RESET,TRUE,rule868,FALSE,FALSE,FALSE,inside,outside,Host-5,Range-35,990,17
ALLOW,TRUE,rule869,TRUE,TRUE,TRUE,inside,outside,Host-2,App-1,991,17
TRUST,TRUE,rule870,FALSE,FALSE,FALSE,inside,outside,Network-89,App-3,992,17
BLOCK,TRUE,rule871,FALSE,FALSE,FALSE,inside,outside,Network-90,App-4,993,17
MONITOR,FALSE,rule872,FALSE,FALSE,FALSE,inside,outside,Network-91,App-5,994,17
BLOCK_RESET,TRUE,rule873,FALSE,FALSE,FALSE,inside,outside,Host-104,Range-60,995,17
BLOCK_INTERACTIVE,TRUE,rule874,FALSE,FALSE,FALSE,inside,outside,Host-105,Range-61,996,17
BLOCK_RESET_INTERACTIVE,TRUE,rule875,FALSE,FALSE,FALSE,inside,outside,Host-106,App-8,997,17
ALLOW,TRUE,rule876,TRUE,TRUE,TRUE,inside,outside,Host-101,App-1,998,17
TRUST,TRUE,rule877,FALSE,FALSE,FALSE,inside,outside,Network-74,App-3,999,17
BLOCK,TRUE,rule878,FALSE,FALSE,FALSE,inside,outside,Network-75,App-4,1000,17
BLOCK,TRUE,rule879,FALSE,FALSE,FALSE,inside,outside,Network-80,App-42,1001,17
MONITOR,FALSE,rule880,FALSE,FALSE,FALSE,inside,outside,Network-81,App-43,1002,17
BLOCK_RESET,TRUE,rule881,FALSE,FALSE,FALSE,inside,outside,Host-110,Range-66,1003,17
BLOCK_INTERACTIVE,FALSE,rule882,FALSE,FALSE,FALSE,inside,outside,Host-111,Range-67,1004,17
BLOCK_RESET_INTERACTIVE,TRUE,rule883,FALSE,FALSE,FALSE,inside,outside,Host-112,App-8,1005,17
ALLOW,TRUE,rule884,TRUE,TRUE,TRUE,inside,outside,Host-103,App-17,1006,17
ALLOW,TRUE,rule885,TRUE,TRUE,TRUE,inside,outside,Host-102,App-1,1007,17
TRUST,FALSE,rule886,FALSE,FALSE,FALSE,inside,outside,Network-95,App-3,1008,17
BLOCK,TRUE,rule887,FALSE,FALSE,FALSE,inside,outside,Network-96,App-4,1009,17
MONITOR,FALSE,rule888,FALSE,FALSE,FALSE,inside,outside,Network-97,App-5,1010,17
BLOCK_RESET,TRUE,rule889,FALSE,FALSE,FALSE,inside,outside,Host-1,Range-36,1011,17
ALLOW,TRUE,rule890,TRUE,TRUE,TRUE,inside,outside,Host-4,App-1,1012,17
TRUST,TRUE,rule891,FALSE,FALSE,FALSE,inside,outside,Network-92,App-3,1013,17
BLOCK,TRUE,rule892,FALSE,FALSE,FALSE,inside,outside,Network-93,App-4,1014,17
MONITOR,FALSE,rule893,FALSE,FALSE,FALSE,inside,outside,Network-94,App-5,1015,17
BLOCK_RESET,TRUE,rule894,FALSE,FALSE,FALSE,inside,outside,Host-104,Range-62,1016,17
BLOCK_INTERACTIVE,TRUE,rule895,FALSE,FALSE,FALSE,inside,outside,Host-105,Range-63,1017,17
BLOCK_RESET_INTERACTIVE,TRUE,rule896,FALSE,FALSE,FALSE,inside,outside,Host-106,App-8,1018,17
ALLOW,TRUE,rule897,TRUE,TRUE,TRUE,inside,outside,Host-101,App-1,1019,17
TRUST,TRUE,rule898,FALSE,FALSE,FALSE,inside,outside,Network-76,App-3,1020,17
BLOCK,TRUE,rule899,FALSE,FALSE,FALSE,inside,outside,Network-77,App-4,1021,17
BLOCK,TRUE,rule900,FALSE,FALSE,FALSE,inside,outside,Network-82,App-44,1022,17
MONITOR,FALSE,rule901,FALSE,FALSE,FALSE,inside,outside,Network-83,App-45,1023,17
BLOCK_RESET,TRUE,rule902,FALSE,FALSE,FALSE,inside,outside,Host-110,Range-68,1024,17
BLOCK_INTERACTIVE,FALSE,rule903,FALSE,FALSE,FALSE,inside,outside,Host-111,Range-69,1025,17
BLOCK_RESET_INTERACTIVE,TRUE,rule904,FALSE,FALSE,FALSE,inside,outside,Host-112,App-8,1026,17
ALLOW,TRUE,rule905,TRUE,TRUE,TRUE,inside,outside,Host-103,App-17,1027,17
ALLOW,TRUE,rule906,TRUE,TRUE,TRUE,inside,outside,Host-102,App-1,1028,17
TRUST,FALSE,rule907,FALSE,FALSE,FALSE,inside,outside,Network-98,App-3,1029,17
BLOCK,TRUE,rule908,FALSE,FALSE,FALSE,inside,outside,Network-99,App-4,1030,17
MONITOR,FALSE,rule909,FALSE,FALSE,FALSE,inside,outside,Network-100,App-5,1031,17
BLOCK_RESET,TRUE,rule910,FALSE,FALSE,FALSE,inside,outside,Host-7,Range-37,1032,17
ALLOW,TRUE,rule911,TRUE,TRUE,TRUE,inside,outside,Host-10,App-1,1033,17
TRUST,TRUE,rule912,FALSE,FALSE,FALSE,inside,outside,Network-95,App-3,1034,17
BLOCK,TRUE,rule913,FALSE,FALSE,FALSE,inside,outside,Network-96,App-4,1035,17
MONITOR,FALSE,rule914,FALSE,FALSE,FALSE,inside,outside,Network-97,App-5,1036,17
BLOCK_RESET,TRUE,rule915,FALSE,FALSE,FALSE,inside,outside,Host-104,Range-64,1037,17
BLOCK_INTERACTIVE,TRUE,rule916,FALSE,FALSE,FALSE,inside,outside,Host-105,Range-65,1038,17
BLOCK_RESET_INTERACTIVE,TRUE,rule917,FALSE,FALSE,FALSE,inside,outside,Host-106,App-8,1039,17
ALLOW,TRUE,rule918,TRUE,TRUE,TRUE,inside,outside,Host-101,App-1,1040,17
TRUST,TRUE,rule919,FALSE,FALSE,FALSE,inside,outside,Network-78,App-3,1041,17
BLOCK,TRUE,rule920,FALSE,FALSE,FALSE,inside,outside,Network-79,App-4,1042,17
BLOCK,TRUE,rule921,FALSE,FALSE,FALSE,inside,outside,Network-84,App-46,1043,17
MONITOR,FALSE,rule922,FALSE,FALSE,FALSE,inside,outside,Network-85,App-47,1044,17
BLOCK_RESET,TRUE,rule923,FALSE,FALSE,FALSE,inside,outside,Host-110,Range-70,1045,17
BLOCK_INTERACTIVE,FALSE,rule924,FALSE,FALSE,FALSE,inside,outside,Host-111,Range-71,1046,17
BLOCK_RESET_INTERACTIVE,TRUE,rule925,FALSE,FALSE,FALSE,inside,outside,Host-112,App-8,1047,17
ALLOW,TRUE,rule926,TRUE,TRUE,TRUE,inside,outside,Host-103,App-17,1048,17
ALLOW,TRUE,rule927,TRUE,TRUE,TRUE,inside,outside,Host-102,App-1,1049,17
TRUST,FALSE,rule928,FALSE,FALSE,FALSE,inside,outside,Network-101,App-3,1050,17
BLOCK,TRUE,rule929,FALSE,FALSE,FALSE,inside,outside,Network-102,App-4,1051,17
MONITOR,FALSE,rule930,FALSE,FALSE,FALSE,inside,outside,Network-103,App-5,1052,17
BLOCK_RESET,TRUE,rule931,FALSE,FALSE,FALSE,inside,outside,Host-13,Range-38,1053,17
ALLOW,TRUE,rule932,TRUE,TRUE,TRUE,inside,outside,Host-16,App-1,1054,17
TRUST,TRUE,rule933,FALSE,FALSE,FALSE,inside,outside,Network-98,App-3,1055,17
BLOCK,TRUE,rule934,FALSE,FALSE,FALSE,inside,outside,Network-99,App-4,1056,17
MONITOR,FALSE,rule935,FALSE,FALSE,FALSE,inside,outside,Network-100,App-5,1057,17
BLOCK_RESET,TRUE,rule936,FALSE,FALSE,FALSE,inside,outside,Host-104,Range-66,1058,17
BLOCK_INTERACTIVE,TRUE,rule937,FALSE,FALSE,FALSE,inside,outside,Host-105,Range-67,1059,17
BLOCK_RESET_INTERACTIVE,TRUE,rule938,FALSE,FALSE,FALSE,inside,outside,Host-106,App-8,1060,17
ALLOW,TRUE,rule939,TRUE,TRUE,TRUE,inside,outside,Host-101,App-1,1061,17
TRUST,TRUE,rule940,FALSE,FALSE,FALSE,inside,outside,Network-80,App-3,1062,17
BLOCK,TRUE,rule941,FALSE,FALSE,FALSE,inside,outside,Network-81,App-4,1063,17
BLOCK,TRUE,rule942,FALSE,FALSE,FALSE,inside,outside,Network-86,App-48,1064,17
MONITOR,FALSE,rule943,FALSE,FALSE,FALSE,inside,outside,Network-87,App-49,1065,17
BLOCK_RESET,TRUE,rule944,FALSE,FALSE,FALSE,inside,outside,Host-110,Range-72,1066,17
BLOCK_INTERACTIVE,FALSE,rule945,FALSE,FALSE,FALSE,inside,outside,Host-111,Range-73,1067,17
BLOCK_RESET_INTERACTIVE,TRUE,rule946,FALSE,FALSE,FALSE,inside,outside,Host-112,App-8,1068,17
ALLOW,TRUE,rule947,TRUE,TRUE,TRUE,inside,outside,Host-103,App-17,1069,17
ALLOW,TRUE,rule948,TRUE,TRUE,TRUE,inside,outside,Host-102,App-1,1070,17
TRUST,FALSE,rule949,FALSE,FALSE,FALSE,inside,outside,Network-104,App-3,1071,17
BLOCK,TRUE,rule950,FALSE,FALSE,FALSE,inside,outside,Network-105,App-4,1072,17
MONITOR,FALSE,rule951,FALSE,FALSE,FALSE,inside,outside,Network-106,App-5,1073,17
BLOCK_RESET,TRUE,rule952,FALSE,FALSE,FALSE,inside,outside,Host-19,Range-39,1074,17
ALLOW,TRUE,rule953,TRUE,TRUE,TRUE,inside,outside,Host-22,App-1,1075,17
TRUST,TRUE,rule954,FALSE,FALSE,FALSE,inside,outside,Network-101,App-3,1076,17
BLOCK,TRUE,rule955,FALSE,FALSE,FALSE,inside,outside,Network-102,App-4,1077,17
MONITOR,FALSE,rule956,FALSE,FALSE,FALSE,inside,outside,Network-103,App-5,1078,17
BLOCK_RESET,TRUE,rule957,FALSE,FALSE,FALSE,inside,outside,Host-104,Range-68,1079,17
BLOCK_INTERACTIVE,TRUE,rule958,FALSE,FALSE,FALSE,inside,outside,Host-105,Range-69,1080,17
BLOCK_RESET_INTERACTIVE,TRUE,rule959,FALSE,FALSE,FALSE,inside,outside,Host-106,App-8,1081,17
ALLOW,TRUE,rule960,TRUE,TRUE,TRUE,inside,outside,Host-101,App-1,1082,17
TRUST,TRUE,rule961,FALSE,FALSE,FALSE,inside,outside,Network-82,App-3,1083,17
BLOCK,TRUE,rule962,FALSE,FALSE,FALSE,inside,outside,Network-83,App-4,1084,17
BLOCK,TRUE,rule963,FALSE,FALSE,FALSE,inside,outside,Network-88,App-50,1085,17
MONITOR,FALSE,rule964,FALSE,FALSE,FALSE,inside,outside,Network-89,App-51,1086,17
BLOCK_RESET,TRUE,rule965,FALSE,FALSE,FALSE,inside,outside,Host-110,Range-74,1087,17
BLOCK_INTERACTIVE,FALSE,rule966,FALSE,FALSE,FALSE,inside,outside,Host-111,Range-75,1088,17
BLOCK_RESET_INTERACTIVE,TRUE,rule967,FALSE,FALSE,FALSE,inside,outside,Host-112,App-8,1089,17
ALLOW,TRUE,rule968,TRUE,TRUE,TRUE,inside,outside,Host-103,App-17,1090,17
ALLOW,TRUE,rule969,TRUE,TRUE,TRUE,inside,outside,Host-102,App-1,1091,17
TRUST,FALSE,rule970,FALSE,FALSE,FALSE,inside,outside,Network-107,App-3,1092,17
BLOCK,TRUE,rule971,FALSE,FALSE,FALSE,inside,outside,Network-108,App-4,1093,17
MONITOR,FALSE,rule972,FALSE,FALSE,FALSE,inside,outside,Network-109,App-5,1094,17
BLOCK_RESET,TRUE,rule973,FALSE,FALSE,FALSE,inside,outside,Host-25,Range-40,1095,17
ALLOW,TRUE,rule974,TRUE,TRUE,TRUE,inside,outside,Host-28,App-1,1096,17
TRUST,TRUE,rule975,FALSE,FALSE,FALSE,inside,outside,Network-104,App-3,1097,17
BLOCK,TRUE,rule976,FALSE,FALSE,FALSE,inside,outside,Network-105,App-4,1098,17
MONITOR,FALSE,rule977,FALSE,FALSE,FALSE,inside,outside,Network-106,App-5,1099,17
BLOCK_RESET,TRUE,rule978,FALSE,FALSE,FALSE,inside,outside,Host-104,Range-70,1100,17
BLOCK_INTERACTIVE,TRUE,rule979,FALSE,FALSE,FALSE,inside,outside,Host-105,Range-71,1101,17
BLOCK_RESET_INTERACTIVE,TRUE,rule980,FALSE,FALSE,FALSE,inside,outside,Host-106,App-8,1102,17
ALLOW,TRUE,rule981,TRUE,TRUE,TRUE,inside,outside,Host-101,App-1,1103,17
TRUST,TRUE,rule982,FALSE,FALSE,FALSE,inside,outside,Network-84,App-3,1104,17
BLOCK,TRUE,rule983,FALSE,FALSE,FALSE,inside,outside,Network-85,App-4,1105,17
BLOCK,TRUE,rule984,FALSE,FALSE,FALSE,inside,outside,Network-90,App-52,1106,17
MONITOR,FALSE,rule985,FALSE,FALSE,FALSE,inside,outside,Network-91,App-53,1107,17
BLOCK_RESET,TRUE,rule986,FALSE,FALSE,FALSE,inside,outside,Host-110,Range-76,1108,17
BLOCK_INTERACTIVE,FALSE,rule987,FALSE,FALSE,FALSE,inside,outside,Host-111,Range-77,1109,17
BLOCK_RESET_INTERACTIVE,TRUE,rule988,FALSE,FALSE,FALSE,inside,outside,Host-112,App-8,1110,17
ALLOW,TRUE,rule989,TRUE,TRUE,TRUE,inside,outside,Host-103,App-17,1111,17
ALLOW,TRUE,rule990,TRUE,TRUE,TRUE,inside,outside,Host-102,App-1,1112,17
TRUST,FALSE,rule991,FALSE,FALSE,FALSE,inside,outside,Network-110,App-3,1113,17
BLOCK,TRUE,rule992,FALSE,FALSE,FALSE,inside,outside,Network-111,App-4,1114,17
MONITOR,FALSE,rule993,FALSE,FALSE,FALSE,inside,outside,Network-112,App-5,1115,17
BLOCK_RESET,TRUE,rule994,FALSE,FALSE,FALSE,inside,outside,Host-31,Range-41,1116,17
ALLOW,TRUE,rule995,TRUE,TRUE,TRUE,inside,outside,Host-34,App-1,1117,17
TRUST,TRUE,rule996,FALSE,FALSE,FALSE,inside,outside,Network-107,App-3,1118,17
BLOCK,TRUE,rule997,FALSE,FALSE,FALSE,inside,outside,Network-108,App-4,1119,17
MONITOR,FALSE,rule998,FALSE,FALSE,FALSE,inside,outside,Network-109,App-5,1120,17
BLOCK_RESET,TRUE,rule999,FALSE,FALSE,FALSE,inside,outside,Host-104,Range-72,1121,17
BLOCK_INTERACTIVE,TRUE,rule1000,FALSE,FALSE,FALSE,inside,outside,Host-105,Range-73,1122,17